{
  "min": 0.0,
  "max": 1.0,
  "mean": 0.3936503231525421,
  "std": 0.2894843816757202
}