{
  "min": 0.0,
  "max": 1.0,
  "mean": 0.360625684261322,
  "std": 0.28877824544906616
}