{
  "min": 0.0,
  "max": 1.0,
  "mean": 0.336681604385376,
  "std": 0.2877519130706787
}