{
  "min": 0.0,
  "max": 1.0,
  "mean": 0.35523223876953125,
  "std": 0.28858482837677
}