{
  "min": 0.0,
  "max": 1.0,
  "mean": 0.3138127624988556,
  "std": 0.286304235458374
}