{
  "min": 0.0,
  "max": 1.0,
  "mean": 0.39985424280166626,
  "std": 0.28950366377830505
}