{
  "min": 0.0,
  "max": 1.0,
  "mean": 0.34329497814178467,
  "std": 0.2880801260471344
}