{
  "min": 0.0,
  "max": 1.0,
  "mean": 0.36567842960357666,
  "std": 0.2889406085014343
}