{
  "min": 0.0,
  "max": 1.0,
  "mean": 0.3790704011917114,
  "std": 0.2892814874649048
}