{
  "min": 0.0,
  "max": 1.0,
  "mean": 0.38302645087242126,
  "std": 0.28935563564300537
}