{
  "min": 0.0,
  "max": 1.0,
  "mean": 0.32197877764701843,
  "std": 0.2868817150592804
}