{
  "min": 0.0,
  "max": 1.0,
  "mean": 0.38676345348358154,
  "std": 0.2894132435321808
}