{
  "min": 0.0,
  "max": 1.0,
  "mean": 0.40273216366767883,
  "std": 0.2894960045814514
}