{
  "min": 0.0,
  "max": 1.0,
  "mean": 0.4054752588272095,
  "std": 0.28947776556015015
}