{
  "min": 0.0,
  "max": 1.0,
  "mean": 0.3902992904186249,
  "std": 0.28945574164390564
}