{
  "min": 0.0,
  "max": 1.0,
  "mean": 0.32958900928497314,
  "std": 0.2873576581478119
}