{
  "min": 0.0,
  "max": 1.0,
  "mean": 0.408093124628067,
  "std": 0.2894496023654938
}