{
  "min": 0.0,
  "max": 1.0,
  "mean": 0.4152779281139374,
  "std": 0.28931179642677307
}