{
  "min": 0.0,
  "max": 1.0,
  "mean": 0.3704194724559784,
  "std": 0.28907644748687744
}