{
  "min": 0.0,
  "max": 1.0,
  "mean": 0.41298699378967285,
  "std": 0.2893660366535187
}