{
  "min": 0.0,
  "max": 1.0,
  "mean": 0.34946656227111816,
  "std": 0.2883545756340027
}