{
  "min": 0.0,
  "max": 1.0,
  "mean": 0.39683088660240173,
  "std": 0.28950005769729614
}