{
  "min": 0.0,
  "max": 1.0,
  "mean": 0.37487539649009705,
  "std": 0.2891891896724701
}