{
  "min": 0.0,
  "max": 1.0,
  "mean": 0.41059449315071106,
  "std": 0.2894122302532196
}