idx,agent,size,footprint,lp_norm,cost,reward,prestige,score
0,EDU,L,s_208,0.803160,6.002433,28.250000,0.850000,0.809041
1,EDU,L,s_308,0.798501,5.969357,28.250000,0.850000,0.809720
2,EDU,L,s_295,0.805031,6.015718,28.250000,0.850000,0.808767
TOTAL,,,,,17.987507,84.750000,2.550000,2.427528
