idx,agent,size,footprint,lp_norm,cost,reward,prestige,score
0,EDU,L,s_190,0.803274,6.003244,28.250000,0.850000,0.809024
1,EDU,L,s_308,0.798501,5.969357,28.250000,0.850000,0.809720
2,EDU,L,s_208,0.803160,6.002433,28.250000,0.850000,0.809041
TOTAL,,,,,17.975034,84.750000,2.550000,2.427785
