idx,agent,size,footprint,lp_norm,cost,reward,prestige,score
0,EDU,L,s_188,0.798593,5.970010,28.250000,0.850000,0.809707
1,EDU,L,s_208,0.803160,6.002433,28.250000,0.850000,0.809041
2,EDU,L,s_190,0.803274,6.003244,28.250000,0.850000,0.809024
TOTAL,,,,,17.975687,84.750000,2.550000,2.427771
