idx,agent,size,footprint,lp_norm,cost,reward,prestige,score
0,EDU,L,s_171,0.806906,6.029033,28.250000,0.850000,0.808494
1,EDU,L,s_308,0.798501,5.969357,28.250000,0.850000,0.809720
2,EDU,L,s_188,0.798593,5.970010,28.250000,0.850000,0.809707
TOTAL,,,,,17.968400,84.750000,2.550000,2.427921
