idx,agent,size,footprint,lp_norm,cost,reward,prestige,score
0,EDU,L,s_308,0.798501,5.969357,28.250000,0.850000,0.809720
1,EDU,L,s_188,0.798593,5.970010,28.250000,0.850000,0.809707
2,EDU,L,s_190,0.803274,6.003244,28.250000,0.850000,0.809024
TOTAL,,,,,17.942611,84.750000,2.550000,2.428451
