{
  "mode": "rl_train",
  "training_updates": 10,
  "final_model_path": "models/v4_1_rl/final_model_default_99914b93_20251016_205325.pth",
  "training_metrics": {
    "episode_returns": [
      31.321874953012635,
      30.536748809239135,
      30.099592969041367,
      30.403048345019663,
      30.099189489220073,
      30.402696715135896,
      29.909352469956147,
      31.17345191788086,
      31.05672114545312,
      30.87974738849333
    ],
    "edu_returns": [
      20.374494886042545,
      19.932888868245474,
      19.821256809780287,
      20.065169862160822,
      19.821177720320676,
      20.065121537265227,
      19.512478758583974,
      20.510584106299984,
      20.129912639331206,
      19.994471168516284
    ],
    "ind_returns": [
      10.94738006697009,
      10.603859940993663,
      10.278336159261078,
      10.337878482858839,
      10.278011768899397,
      10.33757517787067,
      10.396873711372175,
      10.662867811580876,
      10.926808506121915,
      10.885276219977042
    ],
    "episode_lengths": [
      30.0,
      30.0,
      30.0,
      30.0,
      30.0,
      30.0,
      30.0,
      30.0,
      30.0,
      30.0
    ]
  },
  "total_episodes_run": 10,
  "final_avg_return": 30.87974738849333,
  "slot_selection_history_path": "models/v4_1_rl/slot_selection_history.json",
  "slot_selection_stats": {
    "total_episodes": 10,
    "total_selections": 300,
    "unique_slots_count": 154,
    "edu_selections": 150,
    "ind_selections": 150,
    "avg_action_score": 0.6369775729516707
  },
  "budget_history": {
    "IND": [],
    "EDU": []
  }
}