{
  "mode": "rl_train",
  "training_updates": 10,
  "final_model_path": "models/v4_1_rl/final_model_default_99914b93_20251012_201821.pth",
  "training_metrics": {
    "episode_returns": [
      79.25948153540705,
      82.58514338465203,
      82.37176419809816,
      81.5766374815185,
      82.37176419809816,
      81.5766374815185,
      82.37176419809816,
      81.5766374815185,
      82.37176419809816,
      81.5766374815185
    ],
    "edu_returns": [
      41.05774269965136,
      40.912036800028446,
      42.313928765886516,
      41.59288679088238,
      42.313928765886516,
      41.59288679088238,
      42.313928765886516,
      41.59288679088238,
      42.313928765886516,
      41.59288679088238
    ],
    "ind_returns": [
      38.20173883575569,
      41.67310658462358,
      40.05783543221165,
      39.983750690636114,
      40.05783543221165,
      39.983750690636114,
      40.05783543221165,
      39.983750690636114,
      40.05783543221165,
      39.983750690636114
    ],
    "episode_lengths": [
      30.0,
      30.0,
      30.0,
      30.0,
      30.0,
      30.0,
      30.0,
      30.0,
      30.0,
      30.0
    ]
  },
  "total_episodes_run": 10,
  "final_avg_return": 81.5766374815185,
  "slot_selection_history_path": "models/v4_1_rl/slot_selection_history.json",
  "slot_selection_stats": {
    "total_episodes": 10,
    "total_selections": 300,
    "unique_slots_count": 158,
    "edu_selections": 150,
    "ind_selections": 150,
    "avg_action_score": 0.07780183898609248
  },
  "budget_history": {
    "IND": [],
    "EDU": []
  }
}