{
  "mode": "rl_train",
  "training_updates": 10,
  "final_model_path": "models/v4_1_rl/final_model_default_99914b93_20251013_163751.pth",
  "training_metrics": {
    "episode_returns": [
      79.22152335857814,
      80.79612317011522,
      81.57164271052486,
      79.58112071012356,
      81.57164271052486,
      79.58112071012356,
      81.57164271052486,
      79.58112071012356,
      81.57164271052486,
      79.58112071012356
    ],
    "edu_returns": [
      40.0705333390237,
      40.336735078790156,
      41.035380202576796,
      40.9606100381296,
      41.035380202576796,
      40.9606100381296,
      41.035380202576796,
      40.9606100381296,
      41.035380202576796,
      40.9606100381296
    ],
    "ind_returns": [
      39.150990019554435,
      40.45938809132507,
      40.53626250794806,
      38.620510671993955,
      40.53626250794806,
      38.620510671993955,
      40.53626250794806,
      38.620510671993955,
      40.53626250794806,
      38.620510671993955
    ],
    "episode_lengths": [
      30.0,
      30.0,
      30.0,
      30.0,
      30.0,
      30.0,
      30.0,
      30.0,
      30.0,
      30.0
    ]
  },
  "total_episodes_run": 10,
  "final_avg_return": 79.58112071012356,
  "slot_selection_history_path": "models/v4_1_rl/slot_selection_history.json",
  "slot_selection_stats": {
    "total_episodes": 10,
    "total_selections": 300,
    "unique_slots_count": 171,
    "edu_selections": 150,
    "ind_selections": 150,
    "avg_action_score": 0.06777113582351348
  },
  "budget_history": {
    "IND": [],
    "EDU": []
  }
}