{
  "mode": "rl_train",
  "training_updates": 10,
  "final_model_path": "models/v4_1_rl/final_model_default_99914b93_20251013_215003.pth",
  "training_metrics": {
    "episode_returns": [
      12.11108847704713,
      11.214897665998151,
      11.493286317364468,
      11.333294855114485,
      11.493286317364468,
      11.333294855114485,
      11.493286317364468,
      11.333294855114485,
      11.493286317364468,
      11.333294855114485
    ],
    "edu_returns": [
      6.545199852915568,
      5.976283139778626,
      6.424854389438876,
      6.078917706417871,
      6.424854389438876,
      6.078917706417871,
      6.424854389438876,
      6.078917706417871,
      6.424854389438876,
      6.078917706417871
    ],
    "ind_returns": [
      5.565888624131563,
      5.238614526219525,
      5.068431927925594,
      5.254377148696612,
      5.068431927925594,
      5.254377148696612,
      5.068431927925594,
      5.254377148696612,
      5.068431927925594,
      5.254377148696612
    ],
    "episode_lengths": [
      30.0,
      30.0,
      30.0,
      30.0,
      30.0,
      30.0,
      30.0,
      30.0,
      30.0,
      30.0
    ]
  },
  "total_episodes_run": 10,
  "final_avg_return": 11.333294855114485,
  "slot_selection_history_path": "models/v4_1_rl/slot_selection_history.json",
  "slot_selection_stats": {
    "total_episodes": 10,
    "total_selections": 300,
    "unique_slots_count": 156,
    "edu_selections": 150,
    "ind_selections": 150,
    "avg_action_score": 0.07698742271917788
  },
  "budget_history": {
    "IND": [],
    "EDU": []
  }
}