{
  "mode": "rl_train",
  "training_updates": 10,
  "final_model_path": "models/v4_1_rl/final_model_default_99914b93_20251013_174036.pth",
  "training_metrics": {
    "episode_returns": [
      82.36684441057203,
      78.2334821894907,
      80.11391021049428,
      78.17009676802256,
      80.11391021049428,
      78.17009676802256,
      80.11391021049428,
      78.17009676802256,
      80.11391021049428,
      78.17009676802256
    ],
    "edu_returns": [
      42.11084672187081,
      40.54692362553696,
      42.39892660370563,
      39.94834991951117,
      42.39892660370563,
      39.94834991951117,
      42.39892660370563,
      39.94834991951117,
      42.39892660370563,
      39.94834991951117
    ],
    "ind_returns": [
      40.25599768870122,
      37.68655856395373,
      37.71498360678865,
      38.22174684851139,
      37.71498360678865,
      38.22174684851139,
      37.71498360678865,
      38.22174684851139,
      37.71498360678865,
      38.22174684851139
    ],
    "episode_lengths": [
      30.0,
      30.0,
      30.0,
      30.0,
      30.0,
      30.0,
      30.0,
      30.0,
      30.0,
      30.0
    ]
  },
  "total_episodes_run": 10,
  "final_avg_return": 78.17009676802256,
  "slot_selection_history_path": "models/v4_1_rl/slot_selection_history.json",
  "slot_selection_stats": {
    "total_episodes": 10,
    "total_selections": 300,
    "unique_slots_count": 167,
    "edu_selections": 150,
    "ind_selections": 150,
    "avg_action_score": 0.07689323986886142
  },
  "budget_history": {
    "IND": [],
    "EDU": []
  }
}