{
  "mode": "rl_train",
  "training_updates": 10,
  "final_model_path": "models/v4_1_rl/final_model_default_99914b93_20251013_202510.pth",
  "training_metrics": {
    "episode_returns": [
      80.02749154126911,
      82.06919584262924,
      78.25990344372649,
      78.72236797627096,
      78.25990344372649,
      78.72236797627096,
      78.25990344372649,
      78.72236797627096,
      78.25990344372649,
      78.72236797627096
    ],
    "edu_returns": [
      40.56904433917417,
      41.71920212960607,
      38.74210476303014,
      40.73403495205552,
      38.74210476303014,
      40.73403495205552,
      38.74210476303014,
      40.73403495205552,
      38.74210476303014,
      40.73403495205552
    ],
    "ind_returns": [
      39.45844720209495,
      40.349993713023174,
      39.517798680696345,
      37.98833302421544,
      39.517798680696345,
      37.98833302421544,
      39.517798680696345,
      37.98833302421544,
      39.517798680696345,
      37.98833302421544
    ],
    "episode_lengths": [
      30.0,
      30.0,
      30.0,
      30.0,
      30.0,
      30.0,
      30.0,
      30.0,
      30.0,
      30.0
    ]
  },
  "total_episodes_run": 10,
  "final_avg_return": 78.72236797627096,
  "slot_selection_history_path": "models/v4_1_rl/slot_selection_history.json",
  "slot_selection_stats": {
    "total_episodes": 10,
    "total_selections": 300,
    "unique_slots_count": 168,
    "edu_selections": 150,
    "ind_selections": 150,
    "avg_action_score": 0.07403600304696353
  },
  "budget_history": {
    "IND": [],
    "EDU": []
  }
}