{
  "mode": "rl_train",
  "training_updates": 10,
  "final_model_path": "models/v4_1_rl/final_model_default_99914b93_20251013_181531.pth",
  "training_metrics": {
    "episode_returns": [
      80.36821042410836,
      79.09692574058218,
      78.45488202565258,
      77.42008482088288,
      78.45488202565258,
      77.42008482088288,
      78.45488202565258,
      77.42008482088288,
      78.45488202565258,
      77.42008482088288
    ],
    "edu_returns": [
      40.72949397378608,
      41.89873006024655,
      39.34973825672074,
      39.102282210080375,
      39.34973825672074,
      39.102282210080375,
      39.34973825672074,
      39.102282210080375,
      39.34973825672074,
      39.102282210080375
    ],
    "ind_returns": [
      39.63871645032227,
      37.19819568033564,
      39.105143768931846,
      38.3178026108025,
      39.105143768931846,
      38.3178026108025,
      39.105143768931846,
      38.3178026108025,
      39.105143768931846,
      38.3178026108025
    ],
    "episode_lengths": [
      30.0,
      30.0,
      30.0,
      30.0,
      30.0,
      30.0,
      30.0,
      30.0,
      30.0,
      30.0
    ]
  },
  "total_episodes_run": 10,
  "final_avg_return": 77.42008482088288,
  "slot_selection_history_path": "models/v4_1_rl/slot_selection_history.json",
  "slot_selection_stats": {
    "total_episodes": 10,
    "total_selections": 300,
    "unique_slots_count": 167,
    "edu_selections": 150,
    "ind_selections": 150,
    "avg_action_score": 0.076739688616178
  },
  "budget_history": {
    "IND": [],
    "EDU": []
  }
}