{
  "mode": "rl_train",
  "training_updates": 10,
  "final_model_path": "models/v4_1_rl/final_model_default_99914b93_20251010_025738.pth",
  "training_metrics": {
    "episode_returns": [
      250.80258412811253,
      250.14970843110734,
      254.19742302883134,
      256.02346318472985,
      254.19742302883134,
      256.02346318472985,
      254.19742302883134,
      256.02346318472985,
      254.19742302883134,
      256.02346318472985
    ],
    "edu_returns": [
      131.18395588332817,
      128.2700358270593,
      133.99669098534014,
      134.0255898928045,
      133.99669098534014,
      134.0255898928045,
      133.99669098534014,
      134.0255898928045,
      133.99669098534014,
      134.0255898928045
    ],
    "ind_returns": [
      119.61862824478435,
      121.87967260404805,
      120.20073204349121,
      121.99787329192534,
      120.20073204349121,
      121.99787329192534,
      120.20073204349121,
      121.99787329192534,
      120.20073204349121,
      121.99787329192534
    ],
    "episode_lengths": [
      40.0,
      40.0,
      40.0,
      40.0,
      40.0,
      40.0,
      40.0,
      40.0,
      40.0,
      40.0
    ]
  },
  "total_episodes_run": 10,
  "final_avg_return": 256.02346318472985,
  "slot_selection_history_path": "models/v4_1_rl/slot_selection_history.json",
  "slot_selection_stats": {
    "total_episodes": 10,
    "total_selections": 400,
    "unique_slots_count": 155,
    "edu_selections": 200,
    "ind_selections": 200,
    "avg_action_score": 0.10841037455993323
  },
  "budget_history": {
    "IND": [
      14386.666666666666,
      13741.666666666666,
      13215.666666666666,
      13006.433903440264,
      12743.477700333837,
      12485.963378810515,
      12355.836289945406,
      12061.614130170468,
      11788.057371937368,
      11518.010676960846,
      11239.510660522525,
      11184.208965584992,
      11085.838238092081,
      10957.886492692354,
      10842.681686133765,
      10634.500364757429,
      10541.515512624741,
      10453.671934811826,
      10288.428130136499,
      10075.920696698493,
      9875.308016386287,
      9678.334134040559,
      9521.307695614389,
      9282.025192035386,
      9032.625783172392,
      8791.187914512018,
      8643.93192764496,
      8460.735986289283,
      8296.087711219261,
      8084.100991170968,
      7876.048155908739,
      7717.485790388912,
      7572.552187483524,
      7408.875870855043,
      7212.60796389514,
      7065.643798509888,
      6920.067037784822,
      6776.93700072942,
      6639.334847814854,
      6554.048005276513,
      6398.19469523643,
      6296.845270371846,
      6198.544742662268,
      6107.774783076111,
      5977.119991461084,
      5835.637641371778,
      5629.052499960292,
      5540.256029620673,
      5442.629176789069,
      5337.154425592497,
      4956.1942686028,
      4660.457404154092,
      4305.914104810175,
      4242.019010846297,
      4106.094625692167,
      3993.388073739604,
      3920.2737723542,
      3743.093475214921,
      3620.333223777294
    ],
    "EDU": [
      9589.358908896991,
      9178.751861080571,
      8775.424068640878,
      8521.371563805138,
      8205.36235365254,
      8129.601582991423,
      8137.100574674022,
      8108.2484733980955,
      8081.373404312798,
      8022.850734707639,
      7971.2518825669285,
      7817.697970253007,
      7737.5193687678575,
      7745.986653719214,
      7623.9363118022275,
      7469.355177751115,
      7332.480937583379,
      7220.269280034496,
      7211.828109940158,
      7224.744894605615,
      7140.8725587407225,
      7062.735817587301,
      7005.957521002215,
      6922.97892309017,
      6839.658369648404,
      6724.536949984347,
      6600.102248088739,
      6486.297381161587,
      6283.601383931965,
      6180.3569191718925,
      6026.376462698186,
      5912.003933244354,
      5694.355013812169,
      5661.69825509649,
      5627.6095367587495,
      5626.1540871716015,
      5618.581709201753,
      5624.509727672346,
      5628.998895514106,
      5549.765764181333,
      5499.129210957434,
      5415.142124389627,
      5383.06081630232,
      5263.969697124031,
      5253.318952335642,
      5127.991468768102,
      5006.516161306354,
      4844.673090980911,
      4692.974406278727,
      4490.788859618732,
      4371.025853131633,
      4297.562372151918,
      4265.896982884531,
      4144.60824216242,
      4172.157264531359,
      4173.1207501613135,
      4116.7369707051075,
      3977.7026632772117,
      3882.4542742511544,
      3811.2115835703244
    ]
  }
}