{
  "mode": "rl_train",
  "training_updates": 10,
  "final_model_path": "models/v4_1_rl/final_model_default_99914b93_20251013_215703.pth",
  "training_metrics": {
    "episode_returns": [
      11.740836355674963,
      11.076997430449731,
      11.413987374020625,
      11.271125030913081,
      11.413987374020625,
      11.271125030913081,
      11.413987374020625,
      11.271125030913081,
      11.413987374020625,
      11.271125030913081
    ],
    "edu_returns": [
      6.301122205025667,
      6.06509686308673,
      6.4906593412576035,
      6.067578209989033,
      6.4906593412576035,
      6.067578209989033,
      6.4906593412576035,
      6.067578209989033,
      6.4906593412576035,
      6.067578209989033
    ],
    "ind_returns": [
      5.439714150649296,
      5.011900567363002,
      4.9233280327630204,
      5.203546820924048,
      4.9233280327630204,
      5.203546820924048,
      4.9233280327630204,
      5.203546820924048,
      4.9233280327630204,
      5.203546820924048
    ],
    "episode_lengths": [
      30.0,
      30.0,
      30.0,
      30.0,
      30.0,
      30.0,
      30.0,
      30.0,
      30.0,
      30.0
    ]
  },
  "total_episodes_run": 10,
  "final_avg_return": 11.271125030913081,
  "slot_selection_history_path": "models/v4_1_rl/slot_selection_history.json",
  "slot_selection_stats": {
    "total_episodes": 10,
    "total_selections": 300,
    "unique_slots_count": 166,
    "edu_selections": 150,
    "ind_selections": 150,
    "avg_action_score": 0.07519159547351603
  },
  "budget_history": {
    "IND": [],
    "EDU": []
  }
}