{
  "mode": "rl_eval",
  "total_return": 248.03869481706352,
  "edu_return": 129.72038492509182,
  "ind_return": 118.3183098919717,
  "steps_per_second": 0.0,
  "final_layout": {},
  "metrics": {
    "total_returns": [
      246.97147230566625,
      249.10591732846075
    ],
    "edu_returns": [
      129.1673857236923,
      130.27338412649132
    ],
    "ind_returns": [
      117.80408658197396,
      118.83253320196944
    ],
    "std_total": 1.0672225113972473,
    "std_edu": 0.5529992013995155,
    "std_ind": 0.5142233099977389
  },
  "eval_seeds": [
    42,
    123
  ],
  "slot_selection_history_path": "models/v4_1_rl/slot_selection_history.json",
  "slot_selection_stats": {
    "total_episodes": 2,
    "total_selections": 80,
    "unique_slots_count": 134,
    "edu_selections": 120,
    "ind_selections": 118,
    "avg_action_score": 0.09985511097550265
  },
  "budget_history": {
    "IND": [
      14386.666666666666,
      13741.666666666666,
      13215.666666666666,
      12958.152345143344,
      12695.196142036917,
      12485.963378810515,
      12355.836289945406,
      12061.614130170468,
      11791.567435193947,
      11518.010676960846,
      11239.510660522525,
      11111.558915122798,
      11013.188187629887,
      10957.886492692354,
      10761.781957365312,
      10513.188119485765,
      10305.006798109429,
      10189.80199155084,
      10096.817139418152,
      9934.843257072424,
      9742.25260522287,
      9530.69558495474,
      9258.002985886991,
      9086.471138140758,
      8862.114199372401,
      8691.47718775279,
      8543.248155566296,
      8338.261435518003,
      8124.313000091768,
      7925.6066749371785,
      7774.763097124263,
      7584.5671557685855,
      7425.196939575915,
      7295.224391871326,
      7128.710761398714,
      6983.134000673647,
      6840.0039636182455,
      6657.936773434315,
      6572.649930895975,
      6387.271117666156,
      6205.289509262801,
      6003.201582437962,
      5845.453113058044,
      5704.184293476812,
      5606.217099100567,
      5512.113806181076,
      5410.764381316492,
      5204.179239905006,
      5042.649194803801,
      4778.981183501051,
      4681.903446775134,
      4576.428695578563,
      4475.135176080293,
      4404.887965392743,
      4289.713189624971,
      4145.1638839564785,
      4031.4841059066907,
      3884.6503898767205,
      3768.330997089658
    ],
    "EDU": [
      9499.574870336814,
      8987.534969126185,
      8466.046249997675,
      8254.285284755208,
      8070.478993540966,
      7839.435358243976,
      7692.588268455567,
      7554.046456307176,
      7410.553683924478,
      7271.827909001626,
      7186.965891238404,
      7116.657258444636,
      7023.1414219628205,
      6927.956029445387,
      6884.895526980041,
      6810.77319985274,
      6712.024966923354,
      6620.4293731265425,
      6575.744291516965,
      6511.207203128691,
      6461.3800123236915,
      6451.2888285513145,
      6431.089446836004,
      6444.8504021994895,
      6401.892830999173,
      6299.585920960017,
      6232.910161314016,
      6164.058777404087,
      6092.269655022404,
      6038.489362455059,
      5839.28059335262,
      5622.002762140944,
      5502.617036615108,
      5240.869370660253,
      5107.608025062291,
      4949.960901921917,
      4898.953245350233,
      4826.264023524023,
      4717.171130180621,
      4673.242819082997,
      4601.023340343252,
      4521.790209010478,
      4295.486310230023,
      4098.225591839967,
      3831.653753261346,
      3783.427424790256,
      3702.7776283533663,
      3648.4495561068793,
      3666.3384626916954,
      3650.7856885973283,
      3675.3526095362095,
      3659.525056522214,
      3611.6036040172376,
      3616.882506957675,
      3636.991604780383,
      3651.7509381980644,
      3624.0805197856967,
      3529.280509250811,
      3454.8790309861834,
      3401.5668237276545
    ]
  }
}