{
  "mode": "rl_train",
  "training_updates": 10,
  "final_model_path": "models/v4_1_rl/final_model_default_99914b93_20251015_210211.pth",
  "training_metrics": {
    "episode_returns": [
      30.17974777799924,
      30.307438587673744,
      29.65504735947846,
      29.83237828963164,
      29.654646763127047,
      29.831961308992437,
      29.778437981063036,
      29.53557026437172,
      29.77803338516581,
      29.53515012763941
    ],
    "edu_returns": [
      20.227723077145864,
      20.497448456930297,
      20.09667097574303,
      19.813973242600213,
      20.09666170744698,
      19.813964066987122,
      20.1064289353884,
      19.864622414046117,
      20.106420032300203,
      19.864613599988797
    ],
    "ind_returns": [
      9.952024700853373,
      9.809990130743449,
      9.558376383735427,
      10.018405047031427,
      9.557985055680065,
      10.017997242005315,
      9.672009045674637,
      9.670947850325604,
      9.671613352865606,
      9.670536527650613
    ],
    "episode_lengths": [
      30.0,
      30.0,
      30.0,
      30.0,
      30.0,
      30.0,
      30.0,
      30.0,
      30.0,
      30.0
    ]
  },
  "total_episodes_run": 10,
  "final_avg_return": 29.53515012763941,
  "slot_selection_history_path": "models/v4_1_rl/slot_selection_history.json",
  "slot_selection_stats": {
    "total_episodes": 10,
    "total_selections": 300,
    "unique_slots_count": 149,
    "edu_selections": 150,
    "ind_selections": 150,
    "avg_action_score": 0.4111596815753454
  },
  "budget_history": {
    "IND": [],
    "EDU": []
  }
}