{
  "mode": "rl_train",
  "training_updates": 10,
  "final_model_path": "models/v4_1_rl/final_model_default_99914b93_20251016_190738.pth",
  "training_metrics": {
    "episode_returns": [
      17.452258666926138,
      17.26517542645746,
      17.04589944911255,
      17.070034498219954,
      17.045462603425488,
      17.056778052704388,
      17.08892169697604,
      17.172471136723182,
      17.088502064752063,
      17.172055700821442
    ],
    "edu_returns": [
      9.313971620875744,
      9.067037282726737,
      8.919025073946813,
      8.954254793994746,
      8.91902074874199,
      8.922477300364239,
      8.952524769225551,
      9.050280640889797,
      8.952520614451057,
      9.050276527663048
    ],
    "ind_returns": [
      8.13828704605039,
      8.198138143730723,
      8.12687437516574,
      8.115779704225206,
      8.126441854683499,
      8.134300752340145,
      8.13639692775049,
      8.122190495833383,
      8.135981450301006,
      8.121779173158394
    ],
    "episode_lengths": [
      14.0,
      14.0,
      14.0,
      14.0,
      14.0,
      14.0,
      14.0,
      14.0,
      14.0,
      14.0
    ]
  },
  "total_episodes_run": 10,
  "final_avg_return": 17.172055700821442,
  "slot_selection_history_path": "models/v4_1_rl/slot_selection_history.json",
  "slot_selection_stats": {
    "total_episodes": 20,
    "total_selections": 280,
    "unique_slots_count": 80,
    "edu_selections": 140,
    "ind_selections": 140,
    "avg_action_score": 1.5195399574148252
  },
  "budget_history": {
    "IND": [],
    "EDU": []
  }
}