{
  "mode": "rl_train",
  "training_updates": 10,
  "final_model_path": "models/v4_1_rl/final_model_default_99914b93_20251013_211010.pth",
  "training_metrics": {
    "episode_returns": [
      78.19667425498115,
      81.09465211721553,
      78.11826161612116,
      79.10758982223562,
      78.11826161612116,
      79.10758982223562,
      78.11826161612116,
      79.10758982223562,
      78.11826161612116,
      79.10758982223562
    ],
    "edu_returns": [
      40.93984821533655,
      42.35424996052717,
      40.67891497918433,
      40.59871809723275,
      40.67891497918433,
      40.59871809723275,
      40.67891497918433,
      40.59871809723275,
      40.67891497918433,
      40.59871809723275
    ],
    "ind_returns": [
      37.256826039644594,
      38.74040215668837,
      37.43934663693683,
      38.50887172500288,
      37.43934663693683,
      38.50887172500288,
      37.43934663693683,
      38.50887172500288,
      37.43934663693683,
      38.50887172500288
    ],
    "episode_lengths": [
      30.0,
      30.0,
      30.0,
      30.0,
      30.0,
      30.0,
      30.0,
      30.0,
      30.0,
      30.0
    ]
  },
  "total_episodes_run": 10,
  "final_avg_return": 79.10758982223562,
  "slot_selection_history_path": "models/v4_1_rl/slot_selection_history.json",
  "slot_selection_stats": {
    "total_episodes": 10,
    "total_selections": 300,
    "unique_slots_count": 156,
    "edu_selections": 150,
    "ind_selections": 150,
    "avg_action_score": 0.07398519622253562
  },
  "budget_history": {
    "IND": [],
    "EDU": []
  }
}