{
  "mode": "rl_train",
  "training_updates": 10,
  "final_model_path": "models/v4_1_rl/final_model_default_99914b93_20251013_210321.pth",
  "training_metrics": {
    "episode_returns": [
      75.61057879448262,
      78.43038818666345,
      81.6853357128929,
      79.63636218574743,
      81.6853357128929,
      79.63636218574743,
      81.6853357128929,
      79.63636218574743,
      81.6853357128929,
      79.63636218574743
    ],
    "edu_returns": [
      39.279646536788015,
      40.51147529209911,
      40.33644634623064,
      40.70362750767791,
      40.33644634623064,
      40.70362750767791,
      40.33644634623064,
      40.70362750767791,
      40.33644634623064,
      40.70362750767791
    ],
    "ind_returns": [
      36.330932257694606,
      37.91891289456434,
      41.348889366662256,
      38.93273467806952,
      41.348889366662256,
      38.93273467806952,
      41.348889366662256,
      38.93273467806952,
      41.348889366662256,
      38.93273467806952
    ],
    "episode_lengths": [
      30.0,
      30.0,
      30.0,
      30.0,
      30.0,
      30.0,
      30.0,
      30.0,
      30.0,
      30.0
    ]
  },
  "total_episodes_run": 10,
  "final_avg_return": 79.63636218574743,
  "slot_selection_history_path": "models/v4_1_rl/slot_selection_history.json",
  "slot_selection_stats": {
    "total_episodes": 10,
    "total_selections": 300,
    "unique_slots_count": 167,
    "edu_selections": 150,
    "ind_selections": 150,
    "avg_action_score": 0.07799397237458101
  },
  "budget_history": {
    "IND": [],
    "EDU": []
  }
}