{
  "mode": "rl_train",
  "training_updates": 10,
  "final_model_path": "models/v4_1_rl/final_model_default_99914b93_20251013_190359.pth",
  "training_metrics": {
    "episode_returns": [
      78.69455823910783,
      74.55027612480342,
      80.89160463162641,
      77.57186342403827,
      80.89160463162641,
      77.57186342403827,
      80.89160463162641,
      77.57186342403827,
      80.89160463162641,
      77.57186342403827
    ],
    "edu_returns": [
      41.627733408864124,
      39.93652752737933,
      41.23057272173057,
      41.34172300678481,
      41.23057272173057,
      41.34172300678481,
      41.23057272173057,
      41.34172300678481,
      41.23057272173057,
      41.34172300678481
    ],
    "ind_returns": [
      37.06682483024371,
      34.61374859742408,
      39.66103190989584,
      36.230140417253466,
      39.66103190989584,
      36.230140417253466,
      39.66103190989584,
      36.230140417253466,
      39.66103190989584,
      36.230140417253466
    ],
    "episode_lengths": [
      30.0,
      30.0,
      30.0,
      30.0,
      30.0,
      30.0,
      30.0,
      30.0,
      30.0,
      30.0
    ]
  },
  "total_episodes_run": 10,
  "final_avg_return": 77.57186342403827,
  "slot_selection_history_path": "models/v4_1_rl/slot_selection_history.json",
  "slot_selection_stats": {
    "total_episodes": 10,
    "total_selections": 300,
    "unique_slots_count": 163,
    "edu_selections": 150,
    "ind_selections": 150,
    "avg_action_score": 0.07185307269140588
  },
  "budget_history": {
    "IND": [],
    "EDU": []
  }
}