{
  "mode": "rl_train",
  "training_updates": 10,
  "final_model_path": "models/v4_1_rl/final_model_default_99914b93_20251013_175033.pth",
  "training_metrics": {
    "episode_returns": [
      79.06805547633688,
      75.48159952234505,
      79.4504857256744,
      78.41097501987744,
      79.4504857256744,
      78.41097501987744,
      79.4504857256744,
      78.41097501987744,
      79.4504857256744,
      78.41097501987744
    ],
    "edu_returns": [
      39.59557139750484,
      40.03166384655539,
      41.727121802852054,
      40.56227567621557,
      41.727121802852054,
      40.56227567621557,
      41.727121802852054,
      40.56227567621557,
      41.727121802852054,
      40.56227567621557
    ],
    "ind_returns": [
      39.47248407883204,
      35.44993567578967,
      37.723363922822344,
      37.84869934366186,
      37.723363922822344,
      37.84869934366186,
      37.723363922822344,
      37.84869934366186,
      37.723363922822344,
      37.84869934366186
    ],
    "episode_lengths": [
      30.0,
      30.0,
      30.0,
      30.0,
      30.0,
      30.0,
      30.0,
      30.0,
      30.0,
      30.0
    ]
  },
  "total_episodes_run": 10,
  "final_avg_return": 78.41097501987744,
  "slot_selection_history_path": "models/v4_1_rl/slot_selection_history.json",
  "slot_selection_stats": {
    "total_episodes": 10,
    "total_selections": 300,
    "unique_slots_count": 167,
    "edu_selections": 150,
    "ind_selections": 150,
    "avg_action_score": 0.07325864598079206
  },
  "budget_history": {
    "IND": [],
    "EDU": []
  }
}