{
  "mode": "rl_train",
  "training_updates": 10,
  "final_model_path": "models/v4_1_rl/final_model_default_99914b93_20251013_185411.pth",
  "training_metrics": {
    "episode_returns": [
      81.22686515287795,
      79.40466908134084,
      79.92663531796265,
      76.56897570026786,
      79.92663531796265,
      76.56897570026786,
      79.92663531796265,
      76.56897570026786,
      79.92663531796265,
      76.56897570026786
    ],
    "edu_returns": [
      41.593624797257974,
      41.84296133910903,
      40.32653497663511,
      40.0015861002838,
      40.32653497663511,
      40.0015861002838,
      40.32653497663511,
      40.0015861002838,
      40.32653497663511,
      40.0015861002838
    ],
    "ind_returns": [
      39.633240355619975,
      37.5617077422318,
      39.60010034132754,
      36.56738959998405,
      39.60010034132754,
      36.56738959998405,
      39.60010034132754,
      36.56738959998405,
      39.60010034132754,
      36.56738959998405
    ],
    "episode_lengths": [
      30.0,
      30.0,
      30.0,
      30.0,
      30.0,
      30.0,
      30.0,
      30.0,
      30.0,
      30.0
    ]
  },
  "total_episodes_run": 10,
  "final_avg_return": 76.56897570026786,
  "slot_selection_history_path": "models/v4_1_rl/slot_selection_history.json",
  "slot_selection_stats": {
    "total_episodes": 10,
    "total_selections": 300,
    "unique_slots_count": 154,
    "edu_selections": 150,
    "ind_selections": 150,
    "avg_action_score": 0.07169586291758777
  },
  "budget_history": {
    "IND": [],
    "EDU": []
  }
}