{
  "mode": "rl_train",
  "training_updates": 10,
  "final_model_path": "models/v4_1_rl/final_model_default_99914b93_20251013_210917.pth",
  "training_metrics": {
    "episode_returns": [
      79.60373349458264,
      76.33135490507297,
      79.85387364342057,
      79.06334647238074,
      79.85387364342057,
      79.06334647238074,
      79.85387364342057,
      79.06334647238074,
      79.85387364342057,
      79.06334647238074
    ],
    "edu_returns": [
      41.245757990449434,
      39.05350038315441,
      39.64111058312125,
      39.806313195170965,
      39.64111058312125,
      39.806313195170965,
      39.64111058312125,
      39.806313195170965,
      39.64111058312125,
      39.806313195170965
    ],
    "ind_returns": [
      38.35797550413321,
      37.27785452191857,
      40.21276306029933,
      39.257033277209786,
      40.21276306029933,
      39.257033277209786,
      40.21276306029933,
      39.257033277209786,
      40.21276306029933,
      39.257033277209786
    ],
    "episode_lengths": [
      30.0,
      30.0,
      30.0,
      30.0,
      30.0,
      30.0,
      30.0,
      30.0,
      30.0,
      30.0
    ]
  },
  "total_episodes_run": 10,
  "final_avg_return": 79.06334647238074,
  "slot_selection_history_path": "models/v4_1_rl/slot_selection_history.json",
  "slot_selection_stats": {
    "total_episodes": 10,
    "total_selections": 300,
    "unique_slots_count": 166,
    "edu_selections": 150,
    "ind_selections": 150,
    "avg_action_score": 0.07370145202459044
  },
  "budget_history": {
    "IND": [],
    "EDU": []
  }
}