{
  "mode": "rl_train",
  "training_updates": 10,
  "final_model_path": "models/v4_1_rl/final_model_default_99914b93_20251016_163910.pth",
  "training_metrics": {
    "episode_returns": [
      17.191429282721117,
      17.195855954270044,
      17.154508998047657,
      16.969923177315934,
      17.154072152360595,
      17.05586131623319,
      17.12545349839906,
      17.03446290778234,
      17.12503386617508,
      17.034047471880605
    ],
    "edu_returns": [
      9.006613741141441,
      8.963651119008945,
      9.03324533348744,
      8.864420002766312,
      9.033241008282616,
      8.96090959333252,
      8.978624083110217,
      8.939936414628626,
      8.978619928335723,
      8.939932301401878
    ],
    "ind_returns": [
      8.184815541579674,
      8.232204835261097,
      8.121263664560217,
      8.10550317454962,
      8.120831144077975,
      8.094951722900669,
      8.146829415288842,
      8.094526493153715,
      8.146413937839359,
      8.094115170478728
    ],
    "episode_lengths": [
      14.0,
      14.0,
      14.0,
      14.0,
      14.0,
      14.0,
      14.0,
      14.0,
      14.0,
      14.0
    ]
  },
  "total_episodes_run": 10,
  "final_avg_return": 17.034047471880605,
  "slot_selection_history_path": "models/v4_1_rl/slot_selection_history.json",
  "slot_selection_stats": {
    "total_episodes": 20,
    "total_selections": 280,
    "unique_slots_count": 90,
    "edu_selections": 140,
    "ind_selections": 140,
    "avg_action_score": 1.512190733122217
  },
  "budget_history": {
    "IND": [],
    "EDU": []
  }
}