{
  "mode": "rl_train",
  "training_updates": 10,
  "final_model_path": "models/v4_1_rl/final_model_default_99914b93_20251016_203912.pth",
  "training_metrics": {
    "episode_returns": [
      30.42084908592404,
      31.656838851504496,
      31.680397369787514,
      30.450422830034682,
      31.679947857429184,
      30.450013495739732,
      31.281102536177222,
      31.709212302090712,
      31.024679571787352,
      32.351923315807376
    ],
    "edu_returns": [
      20.036910075776134,
      19.973161340657246,
      20.242561637456298,
      19.769125435822726,
      20.24255236916025,
      19.769116260209646,
      20.38544283389848,
      19.876753496266403,
      20.08230670561081,
      20.51988807440433
    ],
    "ind_returns": [
      10.383939010147904,
      11.683677510847248,
      11.437835732331216,
      10.681297394211958,
      11.437395488268935,
      10.680897235530086,
      10.89565970227874,
      11.832458805824311,
      10.942372866176543,
      11.832035241403045
    ],
    "episode_lengths": [
      30.0,
      30.0,
      30.0,
      30.0,
      30.0,
      30.0,
      30.0,
      30.0,
      30.0,
      30.0
    ]
  },
  "total_episodes_run": 10,
  "final_avg_return": 32.351923315807376,
  "slot_selection_history_path": "models/v4_1_rl/slot_selection_history.json",
  "slot_selection_stats": {
    "total_episodes": 10,
    "total_selections": 300,
    "unique_slots_count": 162,
    "edu_selections": 150,
    "ind_selections": 150,
    "avg_action_score": 0.5635137239366974
  },
  "budget_history": {
    "IND": [],
    "EDU": []
  }
}