{
  "mode": "rl_train",
  "training_updates": 10,
  "final_model_path": "models/v4_1_rl/final_model_default_99914b93_20251013_185725.pth",
  "training_metrics": {
    "episode_returns": [
      76.77031868083395,
      78.26995730895769,
      79.12680943012765,
      78.37137881176855,
      79.12680943012765,
      78.37137881176855,
      79.12680943012765,
      78.37137881176855,
      79.12680943012765,
      78.37137881176855
    ],
    "edu_returns": [
      41.15934119657795,
      41.41566639157956,
      40.39590349819102,
      39.89825683417694,
      40.39590349819102,
      39.89825683417694,
      40.39590349819102,
      39.89825683417694,
      40.39590349819102,
      39.89825683417694
    ],
    "ind_returns": [
      35.610977484256,
      36.85429091737812,
      38.73090593193663,
      38.47312197759161,
      38.73090593193663,
      38.47312197759161,
      38.73090593193663,
      38.47312197759161,
      38.73090593193663,
      38.47312197759161
    ],
    "episode_lengths": [
      30.0,
      30.0,
      30.0,
      30.0,
      30.0,
      30.0,
      30.0,
      30.0,
      30.0,
      30.0
    ]
  },
  "total_episodes_run": 10,
  "final_avg_return": 78.37137881176855,
  "slot_selection_history_path": "models/v4_1_rl/slot_selection_history.json",
  "slot_selection_stats": {
    "total_episodes": 10,
    "total_selections": 300,
    "unique_slots_count": 167,
    "edu_selections": 150,
    "ind_selections": 150,
    "avg_action_score": 0.07374572879920786
  },
  "budget_history": {
    "IND": [],
    "EDU": []
  }
}