{
  "mode": "rl_train",
  "training_updates": 10,
  "final_model_path": "models/v4_1_rl/final_model_default_99914b93_20251013_200147.pth",
  "training_metrics": {
    "episode_returns": [
      79.1075166530263,
      80.61900491359954,
      81.32466525148166,
      81.50872682514421,
      81.32466525148166,
      81.50872682514421,
      81.32466525148166,
      81.50872682514421,
      81.32466525148166,
      81.50872682514421
    ],
    "edu_returns": [
      40.7132190820834,
      41.55679508234757,
      41.898017694859504,
      41.30589645168733,
      41.898017694859504,
      41.30589645168733,
      41.898017694859504,
      41.30589645168733,
      41.898017694859504,
      41.30589645168733
    ],
    "ind_returns": [
      38.394297570942896,
      39.06220983125197,
      39.42664755662216,
      40.20283037345688,
      39.42664755662216,
      40.20283037345688,
      39.42664755662216,
      40.20283037345688,
      39.42664755662216,
      40.20283037345688
    ],
    "episode_lengths": [
      30.0,
      30.0,
      30.0,
      30.0,
      30.0,
      30.0,
      30.0,
      30.0,
      30.0,
      30.0
    ]
  },
  "total_episodes_run": 10,
  "final_avg_return": 81.50872682514421,
  "slot_selection_history_path": "models/v4_1_rl/slot_selection_history.json",
  "slot_selection_stats": {
    "total_episodes": 10,
    "total_selections": 300,
    "unique_slots_count": 164,
    "edu_selections": 150,
    "ind_selections": 150,
    "avg_action_score": 0.07671462244798308
  },
  "budget_history": {
    "IND": [],
    "EDU": []
  }
}