{
  "mode": "rl_train",
  "training_updates": 10,
  "final_model_path": "models/v4_1_rl/final_model_default_99914b93_20251013_180813.pth",
  "training_metrics": {
    "episode_returns": [
      76.3656684288359,
      80.1019735604606,
      81.00568026573495,
      79.34188325356766,
      81.00568026573495,
      79.34188325356766,
      81.00568026573495,
      79.34188325356766,
      81.00568026573495,
      79.34188325356766
    ],
    "edu_returns": [
      41.04459526817945,
      41.61304169418888,
      42.506895100030384,
      41.21424900532845,
      42.506895100030384,
      41.21424900532845,
      42.506895100030384,
      41.21424900532845,
      42.506895100030384,
      41.21424900532845
    ],
    "ind_returns": [
      35.321073160656454,
      38.488931866271734,
      38.49878516570457,
      38.127634248239204,
      38.49878516570457,
      38.127634248239204,
      38.49878516570457,
      38.127634248239204,
      38.49878516570457,
      38.127634248239204
    ],
    "episode_lengths": [
      30.0,
      30.0,
      30.0,
      30.0,
      30.0,
      30.0,
      30.0,
      30.0,
      30.0,
      30.0
    ]
  },
  "total_episodes_run": 10,
  "final_avg_return": 79.34188325356766,
  "slot_selection_history_path": "models/v4_1_rl/slot_selection_history.json",
  "slot_selection_stats": {
    "total_episodes": 10,
    "total_selections": 300,
    "unique_slots_count": 168,
    "edu_selections": 150,
    "ind_selections": 150,
    "avg_action_score": 0.07580160864266347
  },
  "budget_history": {
    "IND": [],
    "EDU": []
  }
}