{
  "mode": "rl_train",
  "training_updates": 10,
  "final_model_path": "models/v4_1_rl/final_model_default_99914b93_20251013_200024.pth",
  "training_metrics": {
    "episode_returns": [
      80.84907983007716,
      79.68697160020301,
      78.72406571845129,
      78.74595882822852,
      78.72406571845129,
      78.74595882822852,
      78.72406571845129,
      78.74595882822852,
      78.72406571845129,
      78.74595882822852
    ],
    "edu_returns": [
      41.84513310538967,
      40.697195572024484,
      40.254582859809645,
      41.83493824609032,
      40.254582859809645,
      41.83493824609032,
      40.254582859809645,
      41.83493824609032,
      40.254582859809645,
      41.83493824609032
    ],
    "ind_returns": [
      39.003946724687495,
      38.98977602817853,
      38.46948285864164,
      36.91102058213821,
      38.46948285864164,
      36.91102058213821,
      38.46948285864164,
      36.91102058213821,
      38.46948285864164,
      36.91102058213821
    ],
    "episode_lengths": [
      30.0,
      30.0,
      30.0,
      30.0,
      30.0,
      30.0,
      30.0,
      30.0,
      30.0,
      30.0
    ]
  },
  "total_episodes_run": 10,
  "final_avg_return": 78.74595882822852,
  "slot_selection_history_path": "models/v4_1_rl/slot_selection_history.json",
  "slot_selection_stats": {
    "total_episodes": 10,
    "total_selections": 300,
    "unique_slots_count": 160,
    "edu_selections": 150,
    "ind_selections": 150,
    "avg_action_score": 0.07704594964242555
  },
  "budget_history": {
    "IND": [],
    "EDU": []
  }
}