{
  "mode": "rl_train",
  "training_updates": 10,
  "final_model_path": "models/v4_1_rl/final_model_default_99914b93_20251014_002259.pth",
  "training_metrics": {
    "episode_returns": [
      12.126366481083107,
      11.276083969150339,
      11.723942770739797,
      11.568668417686931,
      11.723942770739797,
      11.568668417686931,
      11.723942770739797,
      11.568668417686931,
      11.723942770739797,
      11.568668417686931
    ],
    "edu_returns": [
      6.562628128479875,
      6.2111427792513725,
      6.409016934149629,
      6.3213967891194205,
      6.409016934149629,
      6.3213967891194205,
      6.409016934149629,
      6.3213967891194205,
      6.409016934149629,
      6.3213967891194205
    ],
    "ind_returns": [
      5.563738352603231,
      5.064941189898967,
      5.314925836590168,
      5.2472716285675105,
      5.314925836590168,
      5.2472716285675105,
      5.314925836590168,
      5.2472716285675105,
      5.314925836590168,
      5.2472716285675105
    ],
    "episode_lengths": [
      30.0,
      30.0,
      30.0,
      30.0,
      30.0,
      30.0,
      30.0,
      30.0,
      30.0,
      30.0
    ]
  },
  "total_episodes_run": 10,
  "final_avg_return": 11.568668417686931,
  "slot_selection_history_path": "models/v4_1_rl/slot_selection_history.json",
  "slot_selection_stats": {
    "total_episodes": 10,
    "total_selections": 300,
    "unique_slots_count": 164,
    "edu_selections": 150,
    "ind_selections": 150,
    "avg_action_score": 0.08112965247347238
  },
  "budget_history": {
    "IND": [],
    "EDU": []
  }
}