{
  "mode": "rl_train",
  "training_updates": 10,
  "final_model_path": "models/v4_1_rl/final_model_default_99914b93_20251013_233811.pth",
  "training_metrics": {
    "episode_returns": [
      11.124447717484546,
      11.441255649689962,
      11.525773973074834,
      11.351008807612,
      11.525773973074834,
      11.351008807612,
      11.525773973074834,
      11.351008807612,
      11.525773973074834,
      11.351008807612
    ],
    "edu_returns": [
      6.228912235428133,
      6.651018599215114,
      6.30217955320543,
      6.195841925565937,
      6.30217955320543,
      6.195841925565937,
      6.30217955320543,
      6.195841925565937,
      6.30217955320543,
      6.195841925565937
    ],
    "ind_returns": [
      4.895535482056414,
      4.790237050474849,
      5.223594419869405,
      5.155166882046063,
      5.223594419869405,
      5.155166882046063,
      5.223594419869405,
      5.155166882046063,
      5.223594419869405,
      5.155166882046063
    ],
    "episode_lengths": [
      30.0,
      30.0,
      30.0,
      30.0,
      30.0,
      30.0,
      30.0,
      30.0,
      30.0,
      30.0
    ]
  },
  "total_episodes_run": 10,
  "final_avg_return": 11.351008807612,
  "slot_selection_history_path": "models/v4_1_rl/slot_selection_history.json",
  "slot_selection_stats": {
    "total_episodes": 10,
    "total_selections": 300,
    "unique_slots_count": 156,
    "edu_selections": 150,
    "ind_selections": 150,
    "avg_action_score": 0.0730645125050837
  },
  "budget_history": {
    "IND": [],
    "EDU": []
  }
}