{
  "mode": "rl_eval",
  "total_return": 240.9455780584007,
  "edu_return": 129.83967623547636,
  "ind_return": 111.10590182292434,
  "steps_per_second": 0.0,
  "final_layout": {},
  "metrics": {
    "total_returns": [
      239.48807211679468,
      242.40308400000671
    ],
    "edu_returns": [
      130.18212791749517,
      129.49722455345756
    ],
    "ind_returns": [
      109.30594419929952,
      112.90585944654916
    ],
    "std_total": 1.4575059416060157,
    "std_edu": 0.3424516820188046,
    "std_ind": 1.7999576236248203
  },
  "eval_seeds": [
    42,
    123
  ],
  "slot_selection_history_path": "models/v4_1_rl/slot_selection_history.json",
  "slot_selection_stats": {
    "total_episodes": 2,
    "total_selections": 80,
    "unique_slots_count": 109,
    "edu_selections": 80,
    "ind_selections": 80,
    "avg_action_score": 0.17608842863020235
  },
  "budget_history": {
    "IND": [
      14179.5,
      13390.5,
      13162.86514744048,
      12705.27045302014,
      12571.293174821112,
      12435.666085956003,
      12025.725682243521,
      11583.15639300619,
      11435.60030176682,
      11243.672683667231,
      10825.922659009746,
      10429.96992265993,
      10298.204555940556,
      9998.966611786138,
      9551.896569321356,
      9164.503546996024,
      8948.619566695437,
      8572.132750924899,
      8235.910591149961,
      7887.075060747768,
      7556.189082973437,
      7210.94962685019,
      6938.142417012306,
      6526.370434947801,
      6225.076522914285,
      5843.5209240724935,
      5581.276683280702,
      5278.144793043443,
      4648.353234527206,
      4050.371045512425,
      3875.3058024456104,
      3660.082228840932,
      3443.2582703381922,
      3285.550492282131,
      3070.7999182371755,
      2900.2802511624936,
      2792.368982834195,
      2655.0730382008132,
      2505.903155438425,
      2364.4295933760695
    ],
    "EDU": [
      9236.247982579693,
      8455.075687358256,
      8179.46543662795,
      7939.440944147651,
      7751.903276586107,
      7625.933113488979,
      7535.541650280518,
      7455.986399376363,
      7287.668913053038,
      7026.404766959254,
      7064.767991300689,
      7071.968918727724,
      6939.1622584411325,
      6716.563329336829,
      6420.898848758465,
      6237.940368212124,
      6135.2450652990065,
      6106.047980742228,
      5818.280491024091,
      5630.474858441679,
      5432.96247340651,
      5280.863472987741,
      5183.313371337926,
      5151.674280114024,
      4904.535527809136,
      4693.323730239947,
      4589.3104004962715,
      4426.7406878126085,
      4277.123683223817,
      4147.433934292295,
      3883.372937627781,
      3727.1990940904216,
      3590.9954602159737,
      3565.803265077082,
      3375.9737672649517,
      3189.1302185500685,
      2942.7091934217888,
      2762.6499567907426,
      2597.8409012211328,
      2520.2182284074397
    ]
  }
}