{
  "mode": "rl_train",
  "training_updates": 20,
  "final_model_path": "models/v4_1_rl/final_model_default_99914b93_20251016_012611.pth",
  "training_metrics": {
    "episode_returns": [
      29.786281816283374,
      29.649923830237796,
      29.65080435791114,
      30.48117495637892,
      29.65040376155973,
      30.480737585488413,
      30.332106536506735,
      29.771352948658784,
      30.3317019406095,
      29.770952398720528,
      29.430862416688825,
      30.55071334508073,
      29.702788558578888,
      29.864357766538458,
      29.97522975582688,
      29.2959247775781,
      30.051579521326566,
      29.940750509224266,
      30.283833885359343,
      29.581868917281838
    ],
    "edu_returns": [
      19.606447909884967,
      20.01243645480928,
      20.19812035712073,
      20.162756563082066,
      20.198111088824678,
      20.162747387468983,
      20.255690905203434,
      20.175325206906685,
      20.25568200211523,
      20.175316392849368,
      20.26413158976255,
      20.084493139041008,
      20.234724333411144,
      20.08545133895938,
      19.90730935946608,
      20.010630925148433,
      19.929837231820773,
      20.010622792023803,
      20.16246734621143,
      19.78148068259048
    ],
    "ind_returns": [
      10.179833906398407,
      9.637487375428519,
      9.452684000790414,
      10.318418393296852,
      9.452292672735053,
      10.317990198019432,
      10.0764156313033,
      9.5960277417521,
      10.076019938494268,
      9.59563600587116,
      9.166730826926276,
      10.466220206039724,
      9.468064225167744,
      9.778906427579077,
      10.067920396360803,
      9.285293852429668,
      10.121742289505793,
      9.930127717200463,
      10.121366539147912,
      9.800388234691356
    ],
    "episode_lengths": [
      30.0,
      30.0,
      30.0,
      30.0,
      30.0,
      30.0,
      30.0,
      30.0,
      30.0,
      30.0,
      30.0,
      30.0,
      30.0,
      30.0,
      30.0,
      30.0,
      30.0,
      30.0,
      30.0,
      30.0
    ]
  },
  "total_episodes_run": 20,
  "final_avg_return": 29.581868917281838,
  "slot_selection_history_path": "models/v4_1_rl/slot_selection_history.json",
  "slot_selection_stats": {
    "total_episodes": 20,
    "total_selections": 600,
    "unique_slots_count": 185,
    "edu_selections": 300,
    "ind_selections": 300,
    "avg_action_score": 0.4233008853492806
  },
  "budget_history": {
    "IND": [],
    "EDU": []
  }
}