{
  "mode": "rl_train",
  "training_updates": 10,
  "final_model_path": "models/v4_1_rl/final_model_default_99914b93_20251013_184147.pth",
  "training_metrics": {
    "episode_returns": [
      79.61359216212797,
      79.82490023805,
      80.8576827447976,
      77.70056433849044,
      80.8576827447976,
      77.70056433849044,
      80.8576827447976,
      77.70056433849044,
      80.8576827447976,
      77.70056433849044
    ],
    "edu_returns": [
      40.670511035334684,
      41.42324994805352,
      41.567549284456504,
      39.93667994213014,
      41.567549284456504,
      39.93667994213014,
      41.567549284456504,
      39.93667994213014,
      41.567549284456504,
      39.93667994213014
    ],
    "ind_returns": [
      38.94308112679329,
      38.40165028999649,
      39.290133460341096,
      37.7638843963603,
      39.290133460341096,
      37.7638843963603,
      39.290133460341096,
      37.7638843963603,
      39.290133460341096,
      37.7638843963603
    ],
    "episode_lengths": [
      30.0,
      30.0,
      30.0,
      30.0,
      30.0,
      30.0,
      30.0,
      30.0,
      30.0,
      30.0
    ]
  },
  "total_episodes_run": 10,
  "final_avg_return": 77.70056433849044,
  "slot_selection_history_path": "models/v4_1_rl/slot_selection_history.json",
  "slot_selection_stats": {
    "total_episodes": 10,
    "total_selections": 300,
    "unique_slots_count": 165,
    "edu_selections": 150,
    "ind_selections": 150,
    "avg_action_score": 0.07928799896422072
  },
  "budget_history": {
    "IND": [],
    "EDU": []
  }
}