{
  "mode": "rl_train",
  "training_updates": 10,
  "final_model_path": "models/v4_1_rl/final_model_default_99914b93_20251014_031758.pth",
  "training_metrics": {
    "episode_returns": [
      30.837909055938365,
      31.470246891356844,
      31.572599498467973,
      30.521292999512255,
      31.572165433269724,
      31.137128276539315,
      31.294259845465536,
      32.08765283909615,
      31.622234327082637,
      31.31464102256652
    ],
    "edu_returns": [
      19.989346895062905,
      19.380666382527835,
      20.40631234497398,
      19.88361655374288,
      20.406303076677933,
      19.89303733478863,
      19.872306378558477,
      20.001486184404527,
      19.848497410508777,
      19.722224666062537
    ],
    "ind_returns": [
      10.84856216087546,
      12.08958050882901,
      11.166287153493993,
      10.637676445769378,
      11.165862356591791,
      11.244090941750686,
      11.421953466907059,
      12.08616665469162,
      11.773736916573862,
      11.592416356503982
    ],
    "episode_lengths": [
      30.0,
      30.0,
      30.0,
      30.0,
      30.0,
      30.0,
      30.0,
      30.0,
      30.0,
      30.0
    ]
  },
  "total_episodes_run": 10,
  "final_avg_return": 31.31464102256652,
  "slot_selection_history_path": "models/v4_1_rl/slot_selection_history.json",
  "slot_selection_stats": {
    "total_episodes": 10,
    "total_selections": 300,
    "unique_slots_count": 159,
    "edu_selections": 150,
    "ind_selections": 150,
    "avg_action_score": 0.581265812574
  },
  "budget_history": {
    "IND": [],
    "EDU": []
  }
}