{
  "mode": "rl_train",
  "training_updates": 5,
  "final_model_path": "models/v4_1_rl/final_model_default_99914b93_20251010_004053.pth",
  "training_metrics": {
    "episode_returns": [
      -3064.866187346035,
      -3239.3718412860444,
      -3088.81898231216,
      -3071.2410519642112,
      -3088.81898231216
    ],
    "edu_returns": [
      -1095.9145955083434,
      -1124.8331776101338,
      -1116.8200201418651,
      -1094.4490689132076,
      -1116.8200201418651
    ],
    "ind_returns": [
      -1968.9515918376917,
      -2114.538663675911,
      -1971.9989621702948,
      -1976.7919830510036,
      -1971.9989621702948
    ],
    "episode_lengths": [
      40.0,
      40.0,
      40.0,
      40.0,
      40.0
    ]
  },
  "total_episodes_run": 5,
  "final_avg_return": -3088.81898231216,
  "slot_selection_history_path": "models/v4_1_rl/slot_selection_history.json",
  "slot_selection_stats": {
    "total_episodes": 5,
    "total_selections": 200,
    "unique_slots_count": 152,
    "edu_selections": 100,
    "ind_selections": 100,
    "avg_action_score": 0.11209505560254367
  },
  "budget_history": {
    "IND": [
      9080.0,
      8291.0,
      7418.164841406214,
      6692.546160608822,
      6110.526201906365,
      5293.340093917618,
      4715.2010745140815,
      4146.765406431922,
      3577.907072276673,
      3204.305202568694,
      2749.2242819653743,
      2354.142530551831,
      1848.333464483014,
      1337.5204392557034,
      789.2485458226847,
      322.5030222555851,
      -94.1558233017273,
      -606.3311949736277,
      -1149.1658502282694,
      -1731.0964842438798,
      -2277.22833482486,
      -2859.027670827275,
      -3371.1467155749037,
      -3838.175278823444,
      -4384.874359243611,
      -4955.862088918187,
      -5463.588552652637,
      -6167.857751667667,
      -6991.674929081654,
      -7534.175411579745,
      -8058.955425058348,
      -8591.107269201315,
      -9082.352773904235,
      -9563.34260909034,
      -10064.790817359602,
      -10521.556890273687,
      -10982.014341111486,
      -11449.794361924567,
      -11954.32486681495,
      -12442.250136851737,
      -12920.35144390359,
      -13377.252553642895,
      -13827.945199200756,
      -14310.277704226324,
      -14777.373177797355,
      -15227.771249339672,
      -15730.790494181772,
      -16209.556322301465,
      -16705.4606434959,
      -17145.25539819409,
      -17574.135571385752,
      -18021.34395357931,
      -18482.113476131817,
      -19210.48154813833,
      -19923.46504227645
    ],
    "EDU": [
      9461.475627066338,
      8947.625367739965,
      8426.415664788705,
      8040.911883739134,
      7644.710683090786,
      7217.944436488582,
      6800.924975955212,
      6416.9651183206015,
      6020.593760463926,
      5525.383992909098,
      5050.897704162956,
      4544.463783007283,
      4138.514819080234,
      3726.927280132649,
      3300.90094371049,
      2878.6471730345256,
      2462.625321528271,
      2022.1933721767261,
      1571.3965158939047,
      1143.7993720281518,
      726.7688216256344,
      287.4238317256623,
      -104.86392491245998,
      -561.5632792408503,
      -1025.893937915114,
      -1468.1830265057106,
      -1899.8061787441973,
      -2377.432081273027,
      -2837.6919018228373,
      -3276.6405806581283,
      -3697.9020788491102,
      -4068.504480841679,
      -4496.3549955717735,
      -4846.514039616372,
      -5232.33332042148,
      -5636.352435207439,
      -6052.59014237195,
      -6482.799583467077,
      -6884.226826279023,
      -7271.085437742958,
      -7635.079620822973,
      -8031.806445650939,
      -8424.786751442538,
      -8800.236828561538,
      -9203.258564026459,
      -9824.925086289795,
      -10364.052340997365,
      -10732.491229001458,
      -11109.568867706177,
      -11464.0571883259,
      -12655.813771858127,
      -13020.925805187244,
      -13399.387016962775,
      -13792.901252970727,
      -14865.601106112974
    ]
  }
}