{
  "mode": "rl_train",
  "training_updates": 10,
  "final_model_path": "models/v4_1_rl/final_model_default_99914b93_20251013_203440.pth",
  "training_metrics": {
    "episode_returns": [
      80.54904354271616,
      80.02844791655261,
      82.09733350289584,
      81.43652242054429,
      82.09733350289584,
      81.43652242054429,
      82.09733350289584,
      81.43652242054429,
      82.09733350289584,
      81.43652242054429
    ],
    "edu_returns": [
      41.644550634205366,
      38.8839221611752,
      42.192270584808355,
      41.5199043171051,
      42.192270584808355,
      41.5199043171051,
      42.192270584808355,
      41.5199043171051,
      42.192270584808355,
      41.5199043171051
    ],
    "ind_returns": [
      38.90449290851079,
      41.1445257553774,
      39.90506291808748,
      39.91661810343919,
      39.90506291808748,
      39.91661810343919,
      39.90506291808748,
      39.91661810343919,
      39.90506291808748,
      39.91661810343919
    ],
    "episode_lengths": [
      30.0,
      30.0,
      30.0,
      30.0,
      30.0,
      30.0,
      30.0,
      30.0,
      30.0,
      30.0
    ]
  },
  "total_episodes_run": 10,
  "final_avg_return": 81.43652242054429,
  "slot_selection_history_path": "models/v4_1_rl/slot_selection_history.json",
  "slot_selection_stats": {
    "total_episodes": 10,
    "total_selections": 300,
    "unique_slots_count": 161,
    "edu_selections": 150,
    "ind_selections": 150,
    "avg_action_score": 0.07719961636514461
  },
  "budget_history": {
    "IND": [],
    "EDU": []
  }
}