{
  "mode": "rl_train",
  "training_updates": 10,
  "final_model_path": "models/v4_1_rl/final_model_default_99914b93_20251013_234129.pth",
  "training_metrics": {
    "episode_returns": [
      11.727743896332239,
      11.404773705876377,
      11.3006799630163,
      11.007514648664976,
      11.3006799630163,
      11.007514648664976,
      11.3006799630163,
      11.007514648664976,
      11.3006799630163,
      11.007514648664976
    ],
    "edu_returns": [
      6.8076720291493835,
      6.133562339991946,
      6.43163907615711,
      6.236427495692253,
      6.43163907615711,
      6.236427495692253,
      6.43163907615711,
      6.236427495692253,
      6.43163907615711,
      6.236427495692253
    ],
    "ind_returns": [
      4.920071867182855,
      5.271211365884431,
      4.86904088685919,
      4.771087152972724,
      4.86904088685919,
      4.771087152972724,
      4.86904088685919,
      4.771087152972724,
      4.86904088685919,
      4.771087152972724
    ],
    "episode_lengths": [
      30.0,
      30.0,
      30.0,
      30.0,
      30.0,
      30.0,
      30.0,
      30.0,
      30.0,
      30.0
    ]
  },
  "total_episodes_run": 10,
  "final_avg_return": 11.007514648664976,
  "slot_selection_history_path": "models/v4_1_rl/slot_selection_history.json",
  "slot_selection_stats": {
    "total_episodes": 10,
    "total_selections": 300,
    "unique_slots_count": 160,
    "edu_selections": 150,
    "ind_selections": 150,
    "avg_action_score": 0.07493669026330285
  },
  "budget_history": {
    "IND": [],
    "EDU": []
  }
}