{
  "mode": "rl_train",
  "training_updates": 5,
  "final_model_path": "models/v4_1_rl/final_model_default_99914b93_20251010_014007.pth",
  "training_metrics": {
    "episode_returns": [
      191.36839843011154,
      194.5472310531564,
      200.34736089766864,
      199.76072040139658,
      200.34736089766864
    ],
    "edu_returns": [
      122.96057435355021,
      124.99336514031715,
      121.52186991962064,
      130.23054776177574,
      121.52186991962064
    ],
    "ind_returns": [
      68.40782407656133,
      69.55386591283926,
      78.825490978048,
      69.53017263962084,
      78.825490978048
    ],
    "episode_lengths": [
      40.0,
      40.0,
      40.0,
      40.0,
      40.0
    ]
  },
  "total_episodes_run": 5,
  "final_avg_return": 200.34736089766864,
  "slot_selection_history_path": "models/v4_1_rl/slot_selection_history.json",
  "slot_selection_stats": {
    "total_episodes": 5,
    "total_selections": 200,
    "unique_slots_count": 144,
    "edu_selections": 100,
    "ind_selections": 100,
    "avg_action_score": 0.16400350035549188
  },
  "budget_history": {
    "IND": [
      9106.0,
      8138.5,
      7746.112731355139,
      7319.0102707919505,
      6908.675133442301,
      6503.605090977519,
      6356.04899973815,
      6164.121381638561,
      5768.168645288743,
      5463.246995736846,
      5149.397850897242,
      4873.739185611665,
      4527.700287010044,
      4267.864756607851,
      4042.5575467699673,
      3678.285564705462,
      3585.2764637097584,
      3407.6493748446496,
      2952.691667981805,
      2573.5925546873173,
      2347.3271879679446,
      1898.6324818212724,
      1703.6736602643882,
      1464.6183359753825,
      1180.8205643560314,
      736.1522977934654,
      377.3607527062983,
      -29.80993752066331,
      -348.99353755210495,
      -737.1503405426658,
      -1010.1227531476973,
      -1229.5060090513791,
      -1446.9092384232285,
      -1672.3554865011056,
      -1979.6175907325319,
      -2110.8191315119843,
      -2461.7757488405305,
      -2694.1693818811673,
      -3056.8915416561044,
      -3414.814194795457
    ],
    "EDU": [
      9249.279083500249,
      8481.152986348827,
      8232.200305856986,
      8004.383759334936,
      7838.9211275209545,
      7615.854091309038,
      7473.076002532888,
      7328.937702776616,
      7168.920068106447,
      6924.748140097134,
      6727.152550185328,
      6606.884647957604,
      6334.225272982945,
      6112.87953832131,
      6021.172858322127,
      5944.139025582811,
      5820.854744612384,
      5776.899914776536,
      5377.083719442953,
      5129.65069312559,
      4903.419427272045,
      4708.138628469298,
      4242.260430778475,
      3792.7156129436607,
      3590.163278369159,
      3322.592986927229,
      3179.468364230801,
      2933.09766249957,
      2762.7587837630117,
      2611.2779536003627,
      2546.3127596108734,
      2501.423054854684,
      2441.100733444559,
      2369.6607040397557,
      2255.349699325937,
      2191.0245724539664,
      2072.6812196131455,
      1898.0592032363513,
      1816.8639003232336,
      1777.1668157664553
    ]
  }
}