{
  "mode": "rl_train",
  "training_updates": 10,
  "final_model_path": "models/v4_1_rl/final_model_default_99914b93_20251012_205506.pth",
  "training_metrics": {
    "episode_returns": [
      80.2188561270647,
      77.07815372262439,
      78.38928006009493,
      77.98845485450096,
      78.38928006009493,
      77.98845485450096,
      78.38928006009493,
      77.98845485450096,
      78.38928006009493,
      77.98845485450096
    ],
    "edu_returns": [
      40.41929886060776,
      40.75964416813284,
      39.70223669368879,
      41.58205225246544,
      39.70223669368879,
      41.58205225246544,
      39.70223669368879,
      41.58205225246544,
      39.70223669368879,
      41.58205225246544
    ],
    "ind_returns": [
      39.799557266456944,
      36.318509554491555,
      38.68704336640614,
      36.40640260203551,
      38.68704336640614,
      36.40640260203551,
      38.68704336640614,
      36.40640260203551,
      38.68704336640614,
      36.40640260203551
    ],
    "episode_lengths": [
      30.0,
      30.0,
      30.0,
      30.0,
      30.0,
      30.0,
      30.0,
      30.0,
      30.0,
      30.0
    ]
  },
  "total_episodes_run": 10,
  "final_avg_return": 77.98845485450096,
  "slot_selection_history_path": "models/v4_1_rl/slot_selection_history.json",
  "slot_selection_stats": {
    "total_episodes": 10,
    "total_selections": 300,
    "unique_slots_count": 159,
    "edu_selections": 150,
    "ind_selections": 150,
    "avg_action_score": 0.07029651531427339
  },
  "budget_history": {
    "IND": [],
    "EDU": []
  }
}