{
  "mode": "rl_train",
  "training_updates": 10,
  "final_model_path": "models/v4_1_rl/final_model_default_99914b93_20251013_172723.pth",
  "training_metrics": {
    "episode_returns": [
      82.40764500344275,
      78.44258803319596,
      79.98727360441978,
      79.98550786172768,
      79.98727360441978,
      79.98550786172768,
      79.98727360441978,
      79.98550786172768,
      79.98727360441978,
      79.98550786172768
    ],
    "edu_returns": [
      41.83010140756109,
      41.342100636147386,
      41.123955710401816,
      40.59262066352786,
      41.123955710401816,
      40.59262066352786,
      41.123955710401816,
      40.59262066352786,
      41.123955710401816,
      40.59262066352786
    ],
    "ind_returns": [
      40.57754359588166,
      37.10048739704857,
      38.86331789401797,
      39.39288719819983,
      38.86331789401797,
      39.39288719819983,
      38.86331789401797,
      39.39288719819983,
      38.86331789401797,
      39.39288719819983
    ],
    "episode_lengths": [
      30.0,
      30.0,
      30.0,
      30.0,
      30.0,
      30.0,
      30.0,
      30.0,
      30.0,
      30.0
    ]
  },
  "total_episodes_run": 10,
  "final_avg_return": 79.98550786172768,
  "slot_selection_history_path": "models/v4_1_rl/slot_selection_history.json",
  "slot_selection_stats": {
    "total_episodes": 10,
    "total_selections": 300,
    "unique_slots_count": 162,
    "edu_selections": 150,
    "ind_selections": 150,
    "avg_action_score": 0.0761062246196479
  },
  "budget_history": {
    "IND": [],
    "EDU": []
  }
}