{
  "mode": "rl_train",
  "training_updates": 10,
  "final_model_path": "models/v4_1_rl/final_model_default_99914b93_20251016_180544.pth",
  "training_metrics": {
    "episode_returns": [
      17.196888233045968,
      17.01134553314548,
      17.2242197473999,
      17.086492894844895,
      17.223782901712834,
      17.097051569287522,
      17.27582816898335,
      17.200887122544817,
      17.275408536759368,
      17.200471686643077
    ],
    "edu_returns": [
      8.975432717865734,
      8.94384896092026,
      9.1012337054898,
      8.95361214351461,
      9.101229380284977,
      8.95253401927406,
      9.144037631452372,
      9.05678924672275,
      9.144033476677876,
      9.056785133496
    ],
    "ind_returns": [
      8.221455515180235,
      8.06749657222522,
      8.122986041910096,
      8.132880751330285,
      8.122553521427857,
      8.144517550013461,
      8.131790537530975,
      8.144097875822066,
      8.131375060081492,
      8.143686553147077
    ],
    "episode_lengths": [
      14.0,
      14.0,
      14.0,
      14.0,
      14.0,
      14.0,
      14.0,
      14.0,
      14.0,
      14.0
    ]
  },
  "total_episodes_run": 10,
  "final_avg_return": 17.200471686643077,
  "slot_selection_history_path": "models/v4_1_rl/slot_selection_history.json",
  "slot_selection_stats": {
    "total_episodes": 20,
    "total_selections": 280,
    "unique_slots_count": 96,
    "edu_selections": 140,
    "ind_selections": 140,
    "avg_action_score": 1.5216564742254983
  },
  "budget_history": {
    "IND": [],
    "EDU": []
  }
}