{
  "mode": "rl_train",
  "training_updates": 10,
  "final_model_path": "models/v4_1_rl/final_model_default_99914b93_20251013_191920.pth",
  "training_metrics": {
    "episode_returns": [
      80.40379211698823,
      80.29932348553749,
      80.0604421174724,
      80.78289421226418,
      80.0604421174724,
      80.78289421226418,
      80.0604421174724,
      80.78289421226418,
      80.0604421174724,
      80.78289421226418
    ],
    "edu_returns": [
      39.82113128120308,
      41.533883014440505,
      39.22682094357397,
      41.71407321058836,
      39.22682094357397,
      41.71407321058836,
      39.22682094357397,
      41.71407321058836,
      39.22682094357397,
      41.71407321058836
    ],
    "ind_returns": [
      40.58266083578515,
      38.76544047109698,
      40.83362117389844,
      39.06882100167583,
      40.83362117389844,
      39.06882100167583,
      40.83362117389844,
      39.06882100167583,
      40.83362117389844,
      39.06882100167583
    ],
    "episode_lengths": [
      30.0,
      30.0,
      30.0,
      30.0,
      30.0,
      30.0,
      30.0,
      30.0,
      30.0,
      30.0
    ]
  },
  "total_episodes_run": 10,
  "final_avg_return": 80.78289421226418,
  "slot_selection_history_path": "models/v4_1_rl/slot_selection_history.json",
  "slot_selection_stats": {
    "total_episodes": 10,
    "total_selections": 300,
    "unique_slots_count": 156,
    "edu_selections": 150,
    "ind_selections": 150,
    "avg_action_score": 0.07251686060040033
  },
  "budget_history": {
    "IND": [],
    "EDU": []
  }
}