{
  "mode": "rl_train",
  "training_updates": 10,
  "final_model_path": "models/v4_1_rl/final_model_default_99914b93_20251013_215000.pth",
  "training_metrics": {
    "episode_returns": [
      11.14588441575048,
      10.279181004675246,
      11.51915313314394,
      10.858433214609942,
      11.51915313314394,
      10.858433214609942,
      11.51915313314394,
      10.858433214609942,
      11.51915313314394,
      10.858433214609942
    ],
    "edu_returns": [
      5.973323401266395,
      5.420907074065956,
      6.215743816027631,
      5.531578491089806,
      6.215743816027631,
      5.531578491089806,
      6.215743816027631,
      5.531578491089806,
      6.215743816027631,
      5.531578491089806
    ],
    "ind_returns": [
      5.172561014484085,
      4.858273930609291,
      5.303409317116309,
      5.326854723520136,
      5.303409317116309,
      5.326854723520136,
      5.303409317116309,
      5.326854723520136,
      5.303409317116309,
      5.326854723520136
    ],
    "episode_lengths": [
      30.0,
      30.0,
      30.0,
      30.0,
      30.0,
      30.0,
      30.0,
      30.0,
      30.0,
      30.0
    ]
  },
  "total_episodes_run": 10,
  "final_avg_return": 10.858433214609942,
  "slot_selection_history_path": "models/v4_1_rl/slot_selection_history.json",
  "slot_selection_stats": {
    "total_episodes": 10,
    "total_selections": 300,
    "unique_slots_count": 157,
    "edu_selections": 150,
    "ind_selections": 150,
    "avg_action_score": 0.0750229849709872
  },
  "budget_history": {
    "IND": [],
    "EDU": []
  }
}