{
  "mode": "rl_train",
  "training_updates": 10,
  "final_model_path": "models/v4_1_rl/final_model_default_99914b93_20251013_182309.pth",
  "training_metrics": {
    "episode_returns": [
      80.57527527953786,
      83.20058058156752,
      78.14330572996452,
      82.9569624194209,
      78.14330572996452,
      82.9569624194209,
      78.14330572996452,
      82.9569624194209,
      78.14330572996452,
      82.9569624194209
    ],
    "edu_returns": [
      42.15679751582024,
      42.27244762794993,
      40.80886018721914,
      42.545164140651536,
      40.80886018721914,
      42.545164140651536,
      40.80886018721914,
      42.545164140651536,
      40.80886018721914,
      42.545164140651536
    ],
    "ind_returns": [
      38.418477763717625,
      40.928132953617585,
      37.334445542745385,
      40.41179827876937,
      37.334445542745385,
      40.41179827876937,
      37.334445542745385,
      40.41179827876937,
      37.334445542745385,
      40.41179827876937
    ],
    "episode_lengths": [
      30.0,
      30.0,
      30.0,
      30.0,
      30.0,
      30.0,
      30.0,
      30.0,
      30.0,
      30.0
    ]
  },
  "total_episodes_run": 10,
  "final_avg_return": 82.9569624194209,
  "slot_selection_history_path": "models/v4_1_rl/slot_selection_history.json",
  "slot_selection_stats": {
    "total_episodes": 10,
    "total_selections": 300,
    "unique_slots_count": 154,
    "edu_selections": 150,
    "ind_selections": 150,
    "avg_action_score": 0.07666558075519689
  },
  "budget_history": {
    "IND": [],
    "EDU": []
  }
}