{
  "mode": "rl_train",
  "training_updates": 10,
  "final_model_path": "models/v4_1_rl/final_model_default_99914b93_20251010_005027.pth",
  "training_metrics": {
    "episode_returns": [
      -1117.2379768165767,
      -1145.9133572835935,
      -1140.6268651111418,
      -1175.5283536782008,
      -1140.6268651111418,
      -1175.5283536782008,
      -1140.6268651111418,
      -1175.5283536782008,
      -1140.6268651111418,
      -1175.5283536782008
    ],
    "edu_returns": [
      -231.17058451984605,
      -227.8555721776335,
      -191.02451087160304,
      -231.12955103723783,
      -191.02451087160304,
      -231.12955103723783,
      -191.02451087160304,
      -231.12955103723783,
      -191.02451087160304,
      -231.12955103723783
    ],
    "ind_returns": [
      -886.0673922967308,
      -918.0577851059601,
      -949.6023542395387,
      -944.3988026409629,
      -949.6023542395387,
      -944.3988026409629,
      -949.6023542395387,
      -944.3988026409629,
      -949.6023542395387,
      -944.3988026409629
    ],
    "episode_lengths": [
      33.0,
      33.0,
      33.0,
      33.0,
      33.0,
      33.0,
      33.0,
      33.0,
      33.0,
      33.0
    ]
  },
  "total_episodes_run": 10,
  "final_avg_return": -1175.5283536782008,
  "slot_selection_history_path": "models/v4_1_rl/slot_selection_history.json",
  "slot_selection_stats": {
    "total_episodes": 10,
    "total_selections": 330,
    "unique_slots_count": 149,
    "edu_selections": 160,
    "ind_selections": 170,
    "avg_action_score": 0.13775075501402645
  },
  "budget_history": {
    "IND": [
      9452.666666666668,
      9062.666666666668,
      8571.333333333334,
      7999.49701912708,
      7437.20586957608,
      6886.775379821396,
      6461.058947470183,
      6114.716091608835,
      5753.386976728275,
      5275.657486443226,
      4787.178207910952,
      4384.639789258696,
      3918.5943644540366,
      3424.9286979068115,
      2916.8546956227788,
      2447.169760740164,
      1995.46115475768,
      1567.1468962552324,
      1085.735172678587,
      632.2042915581399,
      208.98815938050558,
      -278.67979394773636,
      -744.8709410017881,
      -1222.7203031608108,
      -1692.608083833009,
      -2147.3560968740276,
      -2599.3579142703757,
      -3081.7937568812067,
      -3537.2112011547956,
      -3995.8567848409675,
      -4438.232355813324,
      -4868.818792950948,
      -5295.473930162678,
      -5696.819277548741,
      -6087.59601011462,
      -6505.072828526257,
      -6917.347110888495,
      -7348.1670969854495,
      -7747.278338390499,
      -8182.836426678984,
      -8610.584860702307,
      -9022.338066218961,
      -9426.370382217663,
      -9814.604124746806,
      -10198.89431578205,
      -10579.20932058577,
      -10949.010837184514,
      -11269.504851709164,
      -11582.422165356023,
      -11958.321437769411,
      -12340.629512471485
    ],
    "EDU": [
      9530.951408797324,
      9121.14540224968,
      8650.163731412717,
      8286.211044887456,
      7948.77388382383,
      7589.984597827118,
      7140.420358024686,
      6732.44221587727,
      6274.931876812589,
      5852.734914383348,
      5442.686618459862,
      5059.888914430814,
      4697.153556278806,
      4352.645895736105,
      4006.7625758227346,
      3712.742460761861,
      3374.856967247442,
      3004.9752107827385,
      2668.9596749726356,
      2349.2542025428684,
      2036.8299913377775,
      1635.6353868434708,
      1256.7687698331845,
      892.7307066355914,
      584.158939579708,
      255.15408837155422,
      -54.26818059396638,
      -420.6028257352719,
      -773.0431487463339,
      -1151.5153227515675,
      -1477.6044172911222,
      -1819.142213645581,
      -2128.105071779266,
      -2458.534330547404,
      -2778.482476336095,
      -3128.8583561061328,
      -3454.088254174216,
      -3771.275898607414,
      -4116.424972406397,
      -5042.624580785721,
      -5387.455011874376,
      -5720.562380270009,
      -6036.837181850041,
      -6943.673646023045
    ]
  }
}