{
  "mode": "rl_train",
  "training_updates": 10,
  "final_model_path": "models/v4_1_rl/final_model_default_99914b93_20251013_204111.pth",
  "training_metrics": {
    "episode_returns": [
      80.70780174998714,
      80.64636866309348,
      80.35332592199545,
      82.08133186917482,
      80.35332592199545,
      82.08133186917482,
      80.35332592199545,
      82.08133186917482,
      80.35332592199545,
      82.08133186917482
    ],
    "edu_returns": [
      41.08858813656366,
      39.76079766005411,
      40.59388476389941,
      41.13649000609447,
      40.59388476389941,
      41.13649000609447,
      40.59388476389941,
      41.13649000609447,
      40.59388476389941,
      41.13649000609447
    ],
    "ind_returns": [
      39.619213613423476,
      40.88557100303937,
      39.75944115809604,
      40.94484186308034,
      39.75944115809604,
      40.94484186308034,
      39.75944115809604,
      40.94484186308034,
      39.75944115809604,
      40.94484186308034
    ],
    "episode_lengths": [
      30.0,
      30.0,
      30.0,
      30.0,
      30.0,
      30.0,
      30.0,
      30.0,
      30.0,
      30.0
    ]
  },
  "total_episodes_run": 10,
  "final_avg_return": 82.08133186917482,
  "slot_selection_history_path": "models/v4_1_rl/slot_selection_history.json",
  "slot_selection_stats": {
    "total_episodes": 10,
    "total_selections": 300,
    "unique_slots_count": 157,
    "edu_selections": 150,
    "ind_selections": 150,
    "avg_action_score": 0.07442315121614758
  },
  "budget_history": {
    "IND": [],
    "EDU": []
  }
}