{
  "mode": "rl_train",
  "training_updates": 10,
  "final_model_path": "models/v4_1_rl/final_model_default_99914b93_20251013_165802.pth",
  "training_metrics": {
    "episode_returns": [
      81.9881484639474,
      79.32792031436146,
      80.43932751017431,
      81.52073031223,
      80.43932751017431,
      81.52073031223,
      80.43932751017431,
      81.52073031223,
      80.43932751017431,
      81.52073031223
    ],
    "edu_returns": [
      40.94950927936476,
      39.82926749064095,
      42.15999154842014,
      41.3518760321347,
      42.15999154842014,
      41.3518760321347,
      42.15999154842014,
      41.3518760321347,
      42.15999154842014,
      41.3518760321347
    ],
    "ind_returns": [
      41.03863918458263,
      39.49865282372051,
      38.27933596175418,
      40.1688542800953,
      38.27933596175418,
      40.1688542800953,
      38.27933596175418,
      40.1688542800953,
      38.27933596175418,
      40.1688542800953
    ],
    "episode_lengths": [
      30.0,
      30.0,
      30.0,
      30.0,
      30.0,
      30.0,
      30.0,
      30.0,
      30.0,
      30.0
    ]
  },
  "total_episodes_run": 10,
  "final_avg_return": 81.52073031223,
  "slot_selection_history_path": "models/v4_1_rl/slot_selection_history.json",
  "slot_selection_stats": {
    "total_episodes": 10,
    "total_selections": 300,
    "unique_slots_count": 166,
    "edu_selections": 150,
    "ind_selections": 150,
    "avg_action_score": 0.07631784361659175
  },
  "budget_history": {
    "IND": [],
    "EDU": []
  }
}