{
  "mode": "rl_train",
  "training_updates": 10,
  "final_model_path": "models/v4_1_rl/final_model_default_99914b93_20251013_234137.pth",
  "training_metrics": {
    "episode_returns": [
      11.864587874951628,
      11.686174226920201,
      11.483326162926591,
      11.407481364718656,
      11.483326162926591,
      11.407481364718656,
      11.483326162926591,
      11.407481364718656,
      11.483326162926591,
      11.407481364718656
    ],
    "edu_returns": [
      6.387740203039613,
      6.252228698728587,
      6.603848713919568,
      5.949250059217051,
      6.603848713919568,
      5.949250059217051,
      6.603848713919568,
      5.949250059217051,
      6.603848713919568,
      5.949250059217051
    ],
    "ind_returns": [
      5.476847671912014,
      5.433945528191614,
      4.879477449007022,
      5.458231305501606,
      4.879477449007022,
      5.458231305501606,
      4.879477449007022,
      5.458231305501606,
      4.879477449007022,
      5.458231305501606
    ],
    "episode_lengths": [
      30.0,
      30.0,
      30.0,
      30.0,
      30.0,
      30.0,
      30.0,
      30.0,
      30.0,
      30.0
    ]
  },
  "total_episodes_run": 10,
  "final_avg_return": 11.407481364718656,
  "slot_selection_history_path": "models/v4_1_rl/slot_selection_history.json",
  "slot_selection_stats": {
    "total_episodes": 10,
    "total_selections": 300,
    "unique_slots_count": 161,
    "edu_selections": 150,
    "ind_selections": 150,
    "avg_action_score": 0.07524469777170198
  },
  "budget_history": {
    "IND": [],
    "EDU": []
  }
}