{
  "mode": "rl_train",
  "training_updates": 10,
  "final_model_path": "models/v4_1_rl/final_model_default_99914b93_20251014_021231.pth",
  "training_metrics": {
    "episode_returns": [
      12.382750621554779,
      11.154529472787857,
      11.838560941818809,
      11.151401073380043,
      11.838560889412825,
      11.151401073380043,
      11.838560837529592,
      11.509576657175842,
      11.838560786163894,
      11.509576657175842
    ],
    "edu_returns": [
      6.490433508053229,
      6.093410310589641,
      6.396869741642039,
      6.045467184980386,
      6.396869741642039,
      6.045467184980386,
      6.396869741642039,
      6.4036427687761845,
      6.396869741642039,
      6.4036427687761845
    ],
    "ind_returns": [
      5.89231711350155,
      5.0611191621982154,
      5.441691200176771,
      5.105933888399658,
      5.441691147770787,
      5.105933888399658,
      5.4416910958875535,
      5.105933888399658,
      5.441691044521855,
      5.105933888399658
    ],
    "episode_lengths": [
      30.0,
      30.0,
      30.0,
      30.0,
      30.0,
      30.0,
      30.0,
      30.0,
      30.0,
      30.0
    ]
  },
  "total_episodes_run": 10,
  "final_avg_return": 11.509576657175842,
  "slot_selection_history_path": "models/v4_1_rl/slot_selection_history.json",
  "slot_selection_stats": {
    "total_episodes": 10,
    "total_selections": 300,
    "unique_slots_count": 160,
    "edu_selections": 150,
    "ind_selections": 150,
    "avg_action_score": 0.0885358533292612
  },
  "budget_history": {
    "IND": [],
    "EDU": []
  }
}