{
  "mode": "rl_train",
  "training_updates": 10,
  "final_model_path": "models/v4_1_rl/final_model_default_99914b93_20251013_195422.pth",
  "training_metrics": {
    "episode_returns": [
      80.57633985686967,
      80.83283388663986,
      78.88099751702629,
      78.42667038072517,
      78.88099751702629,
      78.42667038072517,
      78.88099751702629,
      78.42667038072517,
      78.88099751702629,
      78.42667038072517
    ],
    "edu_returns": [
      39.86364485528605,
      42.10014309074486,
      40.001967294663906,
      42.116304811435384,
      40.001967294663906,
      42.116304811435384,
      40.001967294663906,
      42.116304811435384,
      40.001967294663906,
      42.116304811435384
    ],
    "ind_returns": [
      40.71269500158362,
      38.73269079589501,
      38.87903022236238,
      36.310365569289786,
      38.87903022236238,
      36.310365569289786,
      38.87903022236238,
      36.310365569289786,
      38.87903022236238,
      36.310365569289786
    ],
    "episode_lengths": [
      30.0,
      30.0,
      30.0,
      30.0,
      30.0,
      30.0,
      30.0,
      30.0,
      30.0,
      30.0
    ]
  },
  "total_episodes_run": 10,
  "final_avg_return": 78.42667038072517,
  "slot_selection_history_path": "models/v4_1_rl/slot_selection_history.json",
  "slot_selection_stats": {
    "total_episodes": 10,
    "total_selections": 300,
    "unique_slots_count": 167,
    "edu_selections": 150,
    "ind_selections": 150,
    "avg_action_score": 0.07582867425695042
  },
  "budget_history": {
    "IND": [],
    "EDU": []
  }
}