{
  "mode": "rl_train",
  "training_updates": 10,
  "final_model_path": "models/v4_1_rl/final_model_default_99914b93_20251013_165211.pth",
  "training_metrics": {
    "episode_returns": [
      80.53203149937706,
      81.1803823828113,
      78.29696515951679,
      80.29918737638465,
      78.29696515951679,
      80.29918737638465,
      78.29696515951679,
      80.29918737638465,
      78.29696515951679,
      80.29918737638465
    ],
    "edu_returns": [
      41.54685124225258,
      40.701009684061574,
      40.280138409031274,
      41.181491702377016,
      40.280138409031274,
      41.181491702377016,
      40.280138409031274,
      41.181491702377016,
      40.280138409031274,
      41.181491702377016
    ],
    "ind_returns": [
      38.985180257124476,
      40.47937269874973,
      38.01682675048551,
      39.11769567400764,
      38.01682675048551,
      39.11769567400764,
      38.01682675048551,
      39.11769567400764,
      38.01682675048551,
      39.11769567400764
    ],
    "episode_lengths": [
      30.0,
      30.0,
      30.0,
      30.0,
      30.0,
      30.0,
      30.0,
      30.0,
      30.0,
      30.0
    ]
  },
  "total_episodes_run": 10,
  "final_avg_return": 80.29918737638465,
  "slot_selection_history_path": "models/v4_1_rl/slot_selection_history.json",
  "slot_selection_stats": {
    "total_episodes": 10,
    "total_selections": 300,
    "unique_slots_count": 174,
    "edu_selections": 150,
    "ind_selections": 150,
    "avg_action_score": 0.07615179516463198
  },
  "budget_history": {
    "IND": [],
    "EDU": []
  }
}