{
  "mode": "rl_train",
  "training_updates": 10,
  "final_model_path": "models/v4_1_rl/final_model_default_99914b93_20251013_204600.pth",
  "training_metrics": {
    "episode_returns": [
      78.43838417777036,
      82.04129250832534,
      79.68671743217357,
      80.64238239036317,
      79.68671743217357,
      80.64238239036317,
      79.68671743217357,
      80.64238239036317,
      79.68671743217357,
      80.64238239036317
    ],
    "edu_returns": [
      40.65093694654741,
      42.142203903346775,
      42.458358720394436,
      41.73817826622812,
      42.458358720394436,
      41.73817826622812,
      42.458358720394436,
      41.73817826622812,
      42.458358720394436,
      41.73817826622812
    ],
    "ind_returns": [
      37.787447231222956,
      39.89908860497856,
      37.22835871177913,
      38.90420412413504,
      37.22835871177913,
      38.90420412413504,
      37.22835871177913,
      38.90420412413504,
      37.22835871177913,
      38.90420412413504
    ],
    "episode_lengths": [
      30.0,
      30.0,
      30.0,
      30.0,
      30.0,
      30.0,
      30.0,
      30.0,
      30.0,
      30.0
    ]
  },
  "total_episodes_run": 10,
  "final_avg_return": 80.64238239036317,
  "slot_selection_history_path": "models/v4_1_rl/slot_selection_history.json",
  "slot_selection_stats": {
    "total_episodes": 10,
    "total_selections": 300,
    "unique_slots_count": 158,
    "edu_selections": 150,
    "ind_selections": 150,
    "avg_action_score": 0.0742624706738229
  },
  "budget_history": {
    "IND": [],
    "EDU": []
  }
}