{
  "mode": "rl_train",
  "training_updates": 10,
  "final_model_path": "models/v4_1_rl/final_model_default_99914b93_20251013_170659.pth",
  "training_metrics": {
    "episode_returns": [
      80.65007623901104,
      74.72058477868697,
      78.93271506288707,
      76.29726164909175,
      78.93271506288707,
      76.29726164909175,
      78.93271506288707,
      76.29726164909175,
      78.93271506288707,
      76.29726164909175
    ],
    "edu_returns": [
      40.89757430950564,
      40.346038082104855,
      41.755349734881094,
      38.62748511132388,
      41.755349734881094,
      38.62748511132388,
      41.755349734881094,
      38.62748511132388,
      41.755349734881094,
      38.62748511132388
    ],
    "ind_returns": [
      39.7525019295054,
      34.374546696582115,
      37.177365328005976,
      37.66977653776788,
      37.177365328005976,
      37.66977653776788,
      37.177365328005976,
      37.66977653776788,
      37.177365328005976,
      37.66977653776788
    ],
    "episode_lengths": [
      30.0,
      30.0,
      30.0,
      30.0,
      30.0,
      30.0,
      30.0,
      30.0,
      30.0,
      30.0
    ]
  },
  "total_episodes_run": 10,
  "final_avg_return": 76.29726164909175,
  "slot_selection_history_path": "models/v4_1_rl/slot_selection_history.json",
  "slot_selection_stats": {
    "total_episodes": 10,
    "total_selections": 300,
    "unique_slots_count": 163,
    "edu_selections": 150,
    "ind_selections": 150,
    "avg_action_score": 0.07614653695539672
  },
  "budget_history": {
    "IND": [],
    "EDU": []
  }
}