{
  "mode": "rl_train",
  "training_updates": 10,
  "final_model_path": "models/v4_1_rl/final_model_default_99914b93_20251013_180454.pth",
  "training_metrics": {
    "episode_returns": [
      76.76326390943865,
      78.00123045481457,
      78.93161508028481,
      81.03834523922464,
      78.93161508028481,
      81.03834523922464,
      78.93161508028481,
      81.03834523922464,
      78.93161508028481,
      81.03834523922464
    ],
    "edu_returns": [
      39.454894595919015,
      39.47726635021657,
      40.67873805652093,
      41.73219215320162,
      40.67873805652093,
      41.73219215320162,
      40.67873805652093,
      41.73219215320162,
      40.67873805652093,
      41.73219215320162
    ],
    "ind_returns": [
      37.30836931351963,
      38.52396410459801,
      38.252877023763894,
      39.30615308602302,
      38.252877023763894,
      39.30615308602302,
      38.252877023763894,
      39.30615308602302,
      38.252877023763894,
      39.30615308602302
    ],
    "episode_lengths": [
      30.0,
      30.0,
      30.0,
      30.0,
      30.0,
      30.0,
      30.0,
      30.0,
      30.0,
      30.0
    ]
  },
  "total_episodes_run": 10,
  "final_avg_return": 81.03834523922464,
  "slot_selection_history_path": "models/v4_1_rl/slot_selection_history.json",
  "slot_selection_stats": {
    "total_episodes": 10,
    "total_selections": 300,
    "unique_slots_count": 164,
    "edu_selections": 150,
    "ind_selections": 150,
    "avg_action_score": 0.0772344755159037
  },
  "budget_history": {
    "IND": [],
    "EDU": []
  }
}