{
  "mode": "rl_eval",
  "total_return": -1166.23387389742,
  "edu_return": -242.25263613637597,
  "ind_return": -923.9812377610438,
  "steps_per_second": 0.0,
  "final_layout": {},
  "metrics": {
    "total_returns": [
      -1153.681872379416,
      -1178.7858754154236
    ],
    "edu_returns": [
      -243.96069079026432,
      -240.54458148248762
    ],
    "ind_returns": [
      -909.7211815891518,
      -938.2412939329358
    ],
    "std_total": 12.552001518003749,
    "std_edu": 1.7080546538883539,
    "std_ind": 14.260056171892018
  },
  "eval_seeds": [
    42,
    123
  ],
  "slot_selection_history_path": "models/v4_1_rl/slot_selection_history.json",
  "slot_selection_stats": {
    "total_episodes": 2,
    "total_selections": 66,
    "unique_slots_count": 117,
    "edu_selections": 88,
    "ind_selections": 102,
    "avg_action_score": 0.08807084865284129
  },
  "budget_history": {
    "IND": [
      9610.0,
      9118.666666666666,
      8571.333333333334,
      8156.446464160086,
      7798.45068261286,
      7275.689897789143,
      6725.25940803446,
      6205.424752129938,
      5642.58496943,
      5167.612107761232,
      4676.483728889875,
      4273.945310237619,
      3809.875185917475,
      3319.7924760927003,
      2811.1581669572042,
      2359.4495609747205,
      1889.7646260921056,
      1461.4503675896578,
      1068.558815139869,
      615.0279340194218,
      221.99915027663985,
      -235.79718941730545,
      -713.6465515763282,
      -1151.3150356393433,
      -1604.757765018228,
      -2049.4960404708313,
      -2526.4898331864038,
      -2931.4049503110086,
      -3333.0829691658732,
      -3760.071439710936,
      -4200.847716835301,
      -4649.776676085467,
      -5065.819736829,
      -5484.636557803252,
      -5921.918756120211,
      -6327.646946899719,
      -6768.28802483704,
      -7213.067170859545,
      -7643.887156956499,
      -8071.635590979822,
      -8483.388796496476,
      -8920.709813396943,
      -9296.953397176148,
      -9682.893713920055,
      -10059.156592920592,
      -10427.829150294485,
      -10809.18978940494,
      -11180.673165079583,
      -11589.318805630623,
      -11987.322420882589,
      -12410.31535298541
    ],
    "EDU": [
      9529.018329163036,
      9059.96973796036,
      8556.978189188374,
      8112.923302465613,
      7655.077864194539,
      7194.609899262257,
      6800.123863985095,
      6412.194520720195,
      6004.21637857278,
      5609.539830171338,
      5234.843967030854,
      4810.308426318006,
      4476.93145967808,
      4135.863342160717,
      3787.2767024274585,
      3457.574005801984,
      3137.868533372217,
      2844.177496651074,
      2495.0921308680754,
      2176.0915533623024,
      1841.6847990341316,
      1499.1926865738185,
      1193.4370842749647,
      838.8726105488109,
      436.0480531117548,
      52.78018717286571,
      -322.47032630977696,
      -657.8710679913808,
      -972.0777784269782,
      -1295.8014768997466,
      -1651.9678701153282,
      -2019.2854097962281,
      -2359.024052450596,
      -2678.972198239287,
      -3009.401457007425,
      -3315.7281524973387,
      -3640.958050565422,
      -3958.14569499862,
      -4302.6128618980465,
      -5228.812470277371,
      -5526.4067591991925,
      -5842.681560779224,
      -6175.788929174857,
      -7210.241119162483
    ]
  }
}