{
  "mode": "rl_train",
  "training_updates": 10,
  "final_model_path": "models/v4_1_rl/final_model_default_99914b93_20251015_182137.pth",
  "training_metrics": {
    "episode_returns": [
      31.385348966782374,
      31.428031950510018,
      31.77605539203948,
      31.747108456991214,
      31.775598156101104,
      31.797875116290903,
      30.94182398735643,
      32.30315529269727,
      30.941426810699376,
      32.30272046586943
    ],
    "edu_returns": [
      19.75405796576602,
      19.73467851942804,
      20.110605828307524,
      20.242644591017704,
      20.110596560011473,
      20.26029280558908,
      20.042866430879908,
      20.36360935603112,
      20.04285752779171,
      20.3636005419738
    ],
    "ind_returns": [
      11.631291001016356,
      11.693353431081977,
      11.665449563731958,
      11.50446386597351,
      11.665001596089633,
      11.53758231070182,
      10.898957556476521,
      11.939545936666146,
      10.898569282907664,
      11.939119923895625
    ],
    "episode_lengths": [
      30.0,
      30.0,
      30.0,
      30.0,
      30.0,
      30.0,
      30.0,
      30.0,
      30.0,
      30.0
    ]
  },
  "total_episodes_run": 10,
  "final_avg_return": 32.30272046586943,
  "slot_selection_history_path": "models/v4_1_rl/slot_selection_history.json",
  "slot_selection_stats": {
    "total_episodes": 10,
    "total_selections": 300,
    "unique_slots_count": 159,
    "edu_selections": 150,
    "ind_selections": 150,
    "avg_action_score": 0.5513904593239306
  },
  "budget_history": {
    "IND": [],
    "EDU": []
  }
}