{
  "mode": "rl_train",
  "training_updates": 10,
  "final_model_path": "models/v4_1_rl/final_model_default_99914b93_20251016_191935.pth",
  "training_metrics": {
    "episode_returns": [
      30.530168754929093,
      31.085236354187515,
      31.744974342432716,
      31.186413948207424,
      31.677747309730144,
      31.095333796859205,
      31.574861868790556,
      30.681882477054607,
      30.7955968830082,
      31.503598781800143
    ],
    "edu_returns": [
      19.448207144335846,
      19.684685878384673,
      20.091223047141572,
      20.316972816122412,
      20.202073200183534,
      20.40126468503829,
      20.143918167253226,
      20.069005369467558,
      19.918770575719456,
      20.091522018289318
    ],
    "ind_returns": [
      11.081961610593247,
      11.40055047580284,
      11.653751295291144,
      10.86944113208501,
      11.475674109546608,
      10.694069111820916,
      11.430943701537332,
      10.612877107587048,
      10.876826307288743,
      11.412076763510827
    ],
    "episode_lengths": [
      30.0,
      30.0,
      30.0,
      30.0,
      30.0,
      30.0,
      30.0,
      30.0,
      30.0,
      30.0
    ]
  },
  "total_episodes_run": 10,
  "final_avg_return": 31.503598781800143,
  "slot_selection_history_path": "models/v4_1_rl/slot_selection_history.json",
  "slot_selection_stats": {
    "total_episodes": 10,
    "total_selections": 300,
    "unique_slots_count": 159,
    "edu_selections": 150,
    "ind_selections": 150,
    "avg_action_score": 0.5830237211708947
  },
  "budget_history": {
    "IND": [],
    "EDU": []
  }
}