{
  "mode": "rl_train",
  "training_updates": 10,
  "final_model_path": "models/v4_1_rl/final_model_default_99914b93_20251016_192405.pth",
  "training_metrics": {
    "episode_returns": [
      31.48661333884391,
      30.751750523628917,
      32.02011067329501,
      31.79419950261643,
      31.105543875113497,
      31.74535791963414,
      31.243628372803553,
      31.034829357622556,
      31.633505550096302,
      30.743555936187185
    ],
    "edu_returns": [
      20.026152576326908,
      19.663544710405667,
      19.941242134416637,
      20.317392082400872,
      19.988012703527755,
      20.382040835830562,
      19.534535315120277,
      19.788414113494266,
      19.731573931336424,
      19.697569104538452
    ],
    "ind_returns": [
      11.460460762517004,
      11.08820581322325,
      12.078868538878375,
      11.476807420215556,
      11.11753117158574,
      11.36331708380358,
      11.709093057683276,
      11.246415244128292,
      11.90193161875988,
      11.045986831648731
    ],
    "episode_lengths": [
      30.0,
      30.0,
      30.0,
      30.0,
      30.0,
      30.0,
      30.0,
      30.0,
      30.0,
      30.0
    ]
  },
  "total_episodes_run": 10,
  "final_avg_return": 30.743555936187185,
  "slot_selection_history_path": "models/v4_1_rl/slot_selection_history.json",
  "slot_selection_stats": {
    "total_episodes": 10,
    "total_selections": 300,
    "unique_slots_count": 161,
    "edu_selections": 150,
    "ind_selections": 150,
    "avg_action_score": 0.5850178805577666
  },
  "budget_history": {
    "IND": [],
    "EDU": []
  }
}