{
  "month": 12,
  "timestamp": "month_12",
  "new_buildings": [
    {
      "id": "residential_65",
      "type": "residential",
      "position": [
        100,
        55
      ],
      "land_price_value": 0.0,
      "slot_id": "residential_100_55",
      "features": {
        "f_road": 1.0,
        "f_hub_com": 0.20592424643419874,
        "f_hub_ind": 0.9836069275391278,
        "f_access": 0.0,
        "f_heat": 0.0,
        "crowding": 1.0,
        "junction_penalty": 0.5
      },
      "scores": {
        "commercial": 0.28355454786051926,
        "industrial": 0.6659838101465203,
        "residential": 0.26127411158229114
      },
      "winning_score": 0.26127411158229114
    }
  ],
  "metadata": {
    "total_buildings": 81,
    "new_count": 1
  }
}