{
  "execute_month": 39,
  "scheduled_tasks": 1,
  "P_low_eff": 0.4045186107220181,
  "P_high_eff": 0.47707068006593767,
  "changes": []
}