{
  "execute_month": 33,
  "scheduled_tasks": 1,
  "P_low_eff": 0.6300137636324369,
  "P_high_eff": 0.7074282273328748,
  "changes": [
    {
      "id": "com_160",
      "from_type": "residential",
      "to_type": "commercial",
      "position": [
        114.28975542,
        132.4512517
      ],
      "land_price_value": 0.7095976608303645
    }
  ]
}