{
  "execute_month": 32,
  "scheduled_tasks": 1,
  "P_low_eff": 0.6074163062727334,
  "P_high_eff": 0.7125127732975056,
  "changes": []
}