{
  "execute_month": 16,
  "scheduled_tasks": 1,
  "P_low_eff": 0.70791385041899,
  "P_high_eff": 0.7923977655283985,
  "changes": []
}