{
  "execute_month": 18,
  "scheduled_tasks": 1,
  "P_low_eff": 0.7460747738806199,
  "P_high_eff": 0.8343025877589603,
  "changes": []
}