{
  "execute_month": 16,
  "scheduled_tasks": 1,
  "P_low_eff": 0.7205379720209765,
  "P_high_eff": 0.7898740808828095,
  "changes": []
}