{
  "execute_month": 30,
  "scheduled_tasks": 1,
  "P_low_eff": 0.6340842653917336,
  "P_high_eff": 0.7501491244642526,
  "changes": [
    {
      "id": "com_98",
      "from_type": "commercial",
      "to_type": "residential",
      "position": [
        40,
        88
      ],
      "land_price_value": 0.5962739265759204
    }
  ]
}