{
  "execute_month": 40,
  "scheduled_tasks": 1,
  "P_low_eff": 0.5196269325387488,
  "P_high_eff": 0.6585528131993634,
  "changes": [
    {
      "id": "com_125",
      "from_type": "commercial",
      "to_type": "residential",
      "position": [
        52,
        49
      ],
      "land_price_value": 0.36880386820597993
    }
  ]
}