{
  "execute_month": 42,
  "scheduled_tasks": 1,
  "P_low_eff": 0.5346065963349178,
  "P_high_eff": 0.7347321932086394,
  "changes": [
    {
      "id": "com_127",
      "from_type": "commercial",
      "to_type": "residential",
      "position": [
        27,
        94
      ],
      "land_price_value": 0.5239786792191892
    }
  ]
}