{
  "execute_month": 40,
  "scheduled_tasks": 1,
  "P_low_eff": 0.4054541663386533,
  "P_high_eff": 0.4773148478034622,
  "changes": []
}