{
  "execute_month": 41,
  "scheduled_tasks": 1,
  "P_low_eff": 0.4063495349146535,
  "P_high_eff": 0.4775481171404812,
  "changes": []
}