{
  "execute_month": 12,
  "scheduled_tasks": 1,
  "P_low_eff": 0.4148776076006721,
  "P_high_eff": 0.4749080392714701,
  "changes": []
}