{
  "execute_month": 41,
  "scheduled_tasks": 1,
  "P_low_eff": 0.5185975023260765,
  "P_high_eff": 0.6492803939076897,
  "changes": []
}