{
  "execute_month": 17,
  "scheduled_tasks": 1,
  "P_low_eff": 0.38644341470590243,
  "P_high_eff": 0.47021918730016754,
  "changes": []
}