{
  "execute_month": 47,
  "scheduled_tasks": 1,
  "P_low_eff": 0.41098745617434984,
  "P_high_eff": 0.4787500701127566,
  "changes": []
}