{
  "execute_month": 45,
  "scheduled_tasks": 1,
  "P_low_eff": 0.37653005259135086,
  "P_high_eff": 0.4794230042905414,
  "changes": [
    {
      "id": "res_18",
      "from_type": "residential",
      "to_type": "commercial",
      "position": [
        62,
        43
      ],
      "land_price_value": 0.5488236071675042
    }
  ]
}