{
  "execute_month": 35,
  "scheduled_tasks": 1,
  "P_low_eff": 0.6371640563587362,
  "P_high_eff": 0.742260529444366,
  "changes": []
}