{
  "execute_month": 19,
  "scheduled_tasks": 1,
  "P_low_eff": 0.7353979743141763,
  "P_high_eff": 0.8273346313278503,
  "changes": []
}