{
  "execute_month": 36,
  "scheduled_tasks": 1,
  "P_low_eff": 0.4014472958786733,
  "P_high_eff": 0.4762660061263542,
  "changes": []
}