{
  "execute_month": 31,
  "scheduled_tasks": 1,
  "P_low_eff": 0.37653005259135086,
  "P_high_eff": 0.477300627471246,
  "changes": []
}