{
  "execute_month": 46,
  "scheduled_tasks": 1,
  "P_low_eff": 0.37653005259135086,
  "P_high_eff": 0.47960133034177854,
  "changes": []
}