{
  "execute_month": 25,
  "scheduled_tasks": 1,
  "P_low_eff": 0.39996736232793473,
  "P_high_eff": 0.4749565989545965,
  "changes": []
}