{
  "execute_month": 20,
  "scheduled_tasks": 1,
  "P_low_eff": 0.7361671162985884,
  "P_high_eff": 0.8220694131624577,
  "changes": []
}