{
  "execute_month": 23,
  "scheduled_tasks": 1,
  "P_low_eff": 0.7205478206999644,
  "P_high_eff": 0.8003265175427206,
  "changes": []
}