{
  "execute_month": 13,
  "scheduled_tasks": 1,
  "P_low_eff": 0.42196075570748237,
  "P_high_eff": 0.4854358877051193,
  "changes": []
}