{
  "execute_month": 27,
  "scheduled_tasks": 1,
  "P_low_eff": 0.687131588069571,
  "P_high_eff": 0.761491035727066,
  "changes": []
}