{
  "execute_month": 14,
  "scheduled_tasks": 1,
  "P_low_eff": 0.6878839164121662,
  "P_high_eff": 0.7647224823342786,
  "changes": []
}