{
  "execute_month": 15,
  "scheduled_tasks": 1,
  "P_low_eff": 0.4279550925258976,
  "P_high_eff": 0.4853982572499919,
  "changes": []
}