{
  "execute_month": 21,
  "scheduled_tasks": 1,
  "P_low_eff": 0.7130435201594392,
  "P_high_eff": 0.8117502686080307,
  "changes": []
}