{
  "execute_month": 46,
  "scheduled_tasks": 1,
  "P_low_eff": 0.41029316214566974,
  "P_high_eff": 0.47857081216098585,
  "changes": []
}