{
  "execute_month": 42,
  "scheduled_tasks": 1,
  "P_low_eff": 0.4072068364296316,
  "P_high_eff": 0.4777710945062561,
  "changes": []
}