{
  "execute_month": 45,
  "scheduled_tasks": 1,
  "P_low_eff": 0.4095695326411752,
  "P_high_eff": 0.47838372889050707,
  "changes": []
}