{
  "execute_month": 18,
  "scheduled_tasks": 1,
  "P_low_eff": 0.7368617432786504,
  "P_high_eff": 0.8331076738773595,
  "changes": []
}