{
  "execute_month": 29,
  "scheduled_tasks": 1,
  "P_low_eff": 0.3884142335881019,
  "P_high_eff": 0.4766021094449119,
  "changes": []
}