{
  "execute_month": 19,
  "scheduled_tasks": 1,
  "P_low_eff": 0.755891604806097,
  "P_high_eff": 0.8361897194934371,
  "changes": []
}