{
  "execute_month": 17,
  "scheduled_tasks": 1,
  "P_low_eff": 0.7390023311714701,
  "P_high_eff": 0.8225249578560652,
  "changes": []
}