{
  "execute_month": 37,
  "scheduled_tasks": 1,
  "P_low_eff": 0.40251769659322156,
  "P_high_eff": 0.4765469894981545,
  "changes": []
}