{
  "execute_month": 20,
  "scheduled_tasks": 1,
  "P_low_eff": 0.7245056530681147,
  "P_high_eff": 0.8235549355713403,
  "changes": []
}