{
  "execute_month": 36,
  "scheduled_tasks": 1,
  "P_low_eff": 0.5441158624188375,
  "P_high_eff": 0.6767700604426655,
  "changes": [
    {
      "id": "com_116",
      "from_type": "commercial",
      "to_type": "residential",
      "position": [
        73,
        25
      ],
      "land_price_value": 0.4291716578702214
    }
  ]
}