{
  "execute_month": 34,
  "scheduled_tasks": 1,
  "P_low_eff": 0.5965595881926604,
  "P_high_eff": 0.7268534475737619,
  "changes": [
    {
      "id": "com_102",
      "from_type": "commercial",
      "to_type": "residential",
      "position": [
        59,
        49
      ],
      "land_price_value": 0.48295725109731863
    }
  ]
}