{
  "execute_month": 47,
  "scheduled_tasks": 1,
  "P_low_eff": 0.37653005259135086,
  "P_high_eff": 0.4797721934295267,
  "changes": []
}