{
  "execute_month": 44,
  "scheduled_tasks": 1,
  "P_low_eff": 0.408815039186599,
  "P_high_eff": 0.47818839224419146,
  "changes": []
}