{
  "execute_month": 43,
  "scheduled_tasks": 1,
  "P_low_eff": 0.40802805291304456,
  "P_high_eff": 0.4779843442669948,
  "changes": []
}