{
  "execute_month": 38,
  "scheduled_tasks": 1,
  "P_low_eff": 0.40354059831739547,
  "P_high_eff": 0.4768149615316182,
  "changes": [
    {
      "id": "com_174",
      "from_type": "residential",
      "to_type": "commercial",
      "position": [
        99.23441937,
        132.0202564
      ],
      "land_price_value": 0.5447094018732265
    }
  ]
}