{
  "execute_month": 38,
  "scheduled_tasks": 1,
  "P_low_eff": 0.5372010592174212,
  "P_high_eff": 0.7039566994935678,
  "changes": [
    {
      "id": "com_118",
      "from_type": "commercial",
      "to_type": "residential",
      "position": [
        31,
        94
      ],
      "land_price_value": 0.5043042628214848
    }
  ]
}