{
  "execute_month": 44,
  "scheduled_tasks": 1,
  "P_low_eff": 0.37653005259135086,
  "P_high_eff": 0.47923680671197977,
  "changes": [
    {
      "id": "com_118",
      "from_type": "residential",
      "to_type": "commercial",
      "position": [
        31,
        94
      ],
      "land_price_value": 0.5043042628214848
    }
  ]
}