{
  "execute_month": 22,
  "scheduled_tasks": 1,
  "P_low_eff": 0.7037482591957672,
  "P_high_eff": 0.8015516555304436,
  "changes": [
    {
      "id": "com_156",
      "from_type": "commercial",
      "to_type": "residential",
      "position": [
        123.66777334,
        131.63689547
      ],
      "land_price_value": 0.7036259364257286
    }
  ]
}