{
  "execute_month": 37,
  "scheduled_tasks": 1,
  "P_low_eff": 0.59481325053656,
  "P_high_eff": 0.7249409099779381,
  "changes": []
}