{
  "quarter": 16,
  "by_type": {
    "commercial": {
      "revenue": 175.24662274038562,
      "profit": 120.84662274038563
    }
  }
}