{
  "quarter": 1,
  "by_type": {
    "residential": {
      "revenue": 12.634621835550927,
      "profit": 6.6346218355509325
    },
    "commercial": {
      "revenue": 12.179493887201689,
      "profit": 7.6994938872016885
    }
  }
}