{
  "quarter": 5,
  "by_type": {
    "commercial": {
      "revenue": 149.75364371262177,
      "profit": 104.31364371262175
    },
    "residential": {
      "revenue": 4.6139723500378285,
      "profit": 3.013972350037829
    }
  }
}