{
  "quarter": 12,
  "summary": {
    "total_revenue": 818327.4637205694,
    "total_cost": 415300.0,
    "net_profit": 403027.46372056945,
    "roi_avg": 0.007870093023248769
  },
  "government": {
    "tax_property": 0.0,
    "tax_sales": 345.59999999999997,
    "tax_payroll": 16128.0,
    "opex_public": 1200.0,
    "capex_public": 0.0,
    "cashflow": 15273.599999999999
  },
  "business": {
    "revenue": {
      "residential": 407.4637205694264,
      "commercial": 11520.0,
      "industrial": 806400.0,
      "public": 0.0
    },
    "opex": {
      "residential": 100.0,
      "commercial": 12000.0,
      "industrial": 403200.0,
      "public": 0.0
    },
    "profit": {
      "residential": 307.4637205694264,
      "commercial": -480.0,
      "industrial": 403200.0,
      "public": 0.0
    },
    "payback_median_months": 0,
    "top_roi_projects": [
      "com_98",
      "com_102",
      "res_23",
      "res_24",
      "res_25",
      "res_29",
      "res_30",
      "res_21",
      "res_22",
      "res_19"
    ]
  },
  "residents": {
    "wage_total": 268800.0,
    "rent_total": 135.8212401898088,
    "commute_cost": 26880.0,
    "disp_income": 241784.1787598102,
    "housing_burden_pct": 0.05052873518966101,
    "commute_burden_pct": 10.0
  }
}