{
  "quarter": 2,
  "by_type": {
    "residential": {
      "revenue": 23.15538767082604,
      "profit": 12.155387670826034
    },
    "commercial": {
      "revenue": 21.349774637584694,
      "profit": 13.3497746375847
    }
  }
}