{
  "quarter": 6,
  "by_type": {
    "commercial": {
      "revenue": 166.1097361035831,
      "profit": 115.5497361035831
    }
  }
}