{
  "quarter": 4,
  "by_type": {
    "commercial": {
      "revenue": 112.89833046377117,
      "profit": 77.69833046377119
    },
    "residential": {
      "revenue": 14.940020586345184,
      "profit": 9.740020586345176
    }
  }
}