{
  "quarter": 8,
  "by_type": {
    "commercial": {
      "revenue": 174.31742072487307,
      "profit": 121.19742072487298
    },
    "residential": {
      "revenue": 1.6631468693593712,
      "profit": 1.063146869359371
    }
  }
}