{
  "quarter": 13,
  "by_type": {
    "commercial": {
      "revenue": 174.24486024910863,
      "profit": 119.84486024910879
    }
  }
}