{
  "quarter": 14,
  "by_type": {
    "commercial": {
      "revenue": 174.62182793269955,
      "profit": 120.22182793269957
    }
  }
}