{
  "quarter": 10,
  "by_type": {
    "commercial": {
      "revenue": 164.57894934114074,
      "profit": 114.33894934114085
    },
    "residential": {
      "revenue": 7.134648790294171,
      "profit": 4.5346487902941695
    }
  }
}