{
  "quarter": 3,
  "by_type": {
    "commercial": {
      "revenue": 58.765413452791606,
      "profit": 38.60541345279161
    },
    "residential": {
      "revenue": 26.099208590610115,
      "profit": 16.29920859061012
    }
  }
}