{
  "quarter": 15,
  "by_type": {
    "commercial": {
      "revenue": 174.95359756906944,
      "profit": 120.55359756906952
    }
  }
}