{
  "quarter": 12,
  "by_type": {
    "commercial": {
      "revenue": 172.95010212024368,
      "profit": 118.87010212024362
    },
    "residential": {
      "revenue": 0.508675095137074,
      "profit": 0.308675095137074
    }
  }
}