{
  "quarter": 11,
  "by_type": {
    "commercial": {
      "revenue": 166.60859035754802,
      "profit": 115.72859035754807
    },
    "residential": {
      "revenue": 5.989126873463379,
      "profit": 3.789126873463378
    }
  }
}