{
  "quarter": 9,
  "by_type": {
    "commercial": {
      "revenue": 168.86575524261016,
      "profit": 117.3457552426101
    },
    "residential": {
      "revenue": 4.959167850175281,
      "profit": 3.159167850175281
    }
  }
}