{
  "quarter": 14,
  "summary": {
    "total_revenue": 819113.0151523477,
    "total_cost": 415200.0,
    "net_profit": 403913.0151523477,
    "roi_avg": 0.00788815574948438
  },
  "government": {
    "tax_property": 0.0,
    "tax_sales": 334.08,
    "tax_payroll": 16128.0,
    "opex_public": 1200.0,
    "capex_public": 0.0,
    "cashflow": 15262.080000000002
  },
  "business": {
    "revenue": {
      "residential": 1577.015152347696,
      "commercial": 11136.0,
      "industrial": 806400.0,
      "public": 0.0
    },
    "opex": {
      "residential": 400.0,
      "commercial": 11600.0,
      "industrial": 403200.0,
      "public": 0.0
    },
    "profit": {
      "residential": 1177.0151523476957,
      "commercial": -464.0,
      "industrial": 403200.0,
      "public": 0.0
    },
    "payback_median_months": 0,
    "top_roi_projects": [
      "com_98",
      "res_18",
      "com_102",
      "com_116",
      "com_118",
      "com_119",
      "com_125",
      "res_23",
      "res_24",
      "res_25"
    ]
  },
  "residents": {
    "wage_total": 268800.0,
    "rent_total": 525.6717174492319,
    "commute_cost": 26880.0,
    "disp_income": 241394.32828255076,
    "housing_burden_pct": 0.19556239488438684,
    "commute_burden_pct": 10.0
  }
}