{
  "quarter": 7,
  "by_type": {
    "commercial": {
      "revenue": 173.0709176111471,
      "profit": 120.27091761114698
    }
  }
}