quarter,type,total_revenue,total_profit
11,commercial,166.60859035754802,115.72859035754807
11,residential,5.989126873463379,3.789126873463378
