quarter,type,total_revenue,total_profit
12,commercial,172.95010212024368,118.87010212024362
12,residential,0.508675095137074,0.308675095137074
