quarter,type,total_revenue,total_profit
8,commercial,174.31742072487307,121.19742072487298
8,residential,1.6631468693593712,1.063146869359371
