quarter,type,total_revenue,total_profit
9,commercial,168.86575524261016,117.3457552426101
9,residential,4.959167850175281,3.159167850175281
