quarter,type,total_revenue,total_profit
13,commercial,174.24486024910863,119.84486024910879
