quarter,type,total_revenue,total_profit
5,commercial,149.75364371262177,104.31364371262175
5,residential,4.6139723500378285,3.013972350037829
