quarter,CF_gov,SNA,Revenue_res,Revenue_com,Revenue_ind,Profit_res,Profit_com,Profit_ind,Housing_pct,Commute_pct,ROI_top10,Payback_med
10,14294.879999999997,14294.879999999997,522.1593209238986,10896.0,758400.0,402.1593209238984,-454.0,379200.0,0.07423549886550823,10.0,10,0
