quarter,type,total_revenue,total_profit
3,commercial,58.765413452791606,38.60541345279161
3,residential,26.099208590610115,16.29920859061012
