quarter,type,total_revenue,total_profit
14,commercial,174.62182793269955,120.22182793269957
