quarter,type,total_revenue,total_profit
10,commercial,164.57894934114074,114.33894934114085
10,residential,7.134648790294171,4.5346487902941695
