quarter,type,total_revenue,total_profit
1,residential,12.634621835550927,6.6346218355509325
1,commercial,12.179493887201689,7.6994938872016885
