quarter,type,total_revenue,total_profit
2,residential,23.15538767082604,12.155387670826034
2,commercial,21.349774637584694,13.3497746375847
