quarter,type,total_revenue,total_profit
15,commercial,174.95359756906944,120.55359756906952
