quarter,type,total_revenue,total_profit
16,commercial,175.24662274038562,120.84662274038563
