quarter,type,total_revenue,total_profit
4,commercial,112.89833046377117,77.69833046377119
4,residential,14.940020586345184,9.740020586345176
