{
  "month": 35,
  "R_prev": {
    "hub2": 34.0,
    "hub3": 34.0
  },
  "R_curr": {
    "hub2": 35.0,
    "hub3": 35.0
  },
  "candidates": 2,
  "P_low": 0.34130787676043123,
  "P_high": 0.34130787676043123
}