{
  "month": 24,
  "R_prev": {
    "hub2": 23.0,
    "hub3": 23.0
  },
  "R_curr": {
    "hub2": 24.0,
    "hub3": 24.0
  },
  "candidates": 12,
  "P_low": 0.5116709249280793,
  "P_high": 0.5463771591678885
}