{
  "month": 14,
  "R_prev": {
    "hub2": 13.0,
    "hub3": 13.0
  },
  "R_curr": {
    "hub2": 14.0,
    "hub3": 14.0
  },
  "candidates": 7,
  "P_low": 0.6924151166168104,
  "P_high": 0.6995690269379216
}