{
  "month": 22,
  "R_prev": {
    "hub2": 21.0,
    "hub3": 21.0
  },
  "R_curr": {
    "hub2": 22.0,
    "hub3": 22.0
  },
  "candidates": 7,
  "P_low": 0.5478980247066161,
  "P_high": 0.551457457927469
}