{
  "month": 23,
  "R_prev": {
    "hub2": 22.0,
    "hub3": 22.0
  },
  "R_curr": {
    "hub2": 23.0,
    "hub3": 23.0
  },
  "candidates": 4,
  "P_low": 0.5236160013871664,
  "P_high": 0.5288565484568601
}