{
  "month": 19,
  "R_prev": {
    "hub2": 18.0,
    "hub3": 18.0
  },
  "R_curr": {
    "hub2": 19.0,
    "hub3": 19.0
  },
  "candidates": 7,
  "P_low": 0.6044371236108289,
  "P_high": 0.6083888341449415
}