{
  "month": 28,
  "R_prev": {
    "hub2": 27.0,
    "hub3": 27.0
  },
  "R_curr": {
    "hub2": 28.0,
    "hub3": 28.0
  },
  "candidates": 1,
  "P_low": 0.4412398899100931,
  "P_high": 0.4412398899100931
}