{
  "month": 15,
  "R_prev": {
    "hub2": 14.0,
    "hub3": 14.0
  },
  "R_curr": {
    "hub2": 15.0,
    "hub3": 15.0
  },
  "candidates": 8,
  "P_low": 0.6738537008103493,
  "P_high": 0.6846930434504387
}