{
  "month": 31,
  "R_prev": {
    "hub2": 30.0,
    "hub3": 30.0
  },
  "R_curr": {
    "hub2": 31.0,
    "hub3": 31.0
  },
  "candidates": 1,
  "P_low": 0.4945377844244414,
  "P_high": 0.4945377844244414
}