{
  "month": 26,
  "R_prev": {
    "hub2": 25.0,
    "hub3": 25.0
  },
  "R_curr": {
    "hub2": 26.0,
    "hub3": 26.0
  },
  "candidates": 3,
  "P_low": 0.47077104192531183,
  "P_high": 0.4773764008918398
}