{
  "month": 34,
  "R_prev": {
    "hub2": 33.0,
    "hub3": 33.0
  },
  "R_curr": {
    "hub2": 34.0,
    "hub3": 34.0
  },
  "candidates": 2,
  "P_low": 0.34895561588707813,
  "P_high": 0.360297474355022
}