{
  "month": 28,
  "R_prev": {
    "hub2": 27.0,
    "hub3": 27.0
  },
  "R_curr": {
    "hub2": 28.0,
    "hub3": 28.0
  },
  "candidates": 13,
  "P_low": 0.4463598565239667,
  "P_high": 0.49998148508885626
}