{
  "month": 29,
  "R_prev": {
    "hub2": 28.0,
    "hub3": 28.0
  },
  "R_curr": {
    "hub2": 29.0,
    "hub3": 29.0
  },
  "candidates": 1,
  "P_low": 0.5302750184817198,
  "P_high": 0.5302750184817198
}