{
  "month": 20,
  "R_prev": {
    "hub2": 19.0,
    "hub3": 19.0
  },
  "R_curr": {
    "hub2": 20.0,
    "hub3": 20.0
  },
  "candidates": 13,
  "P_low": 0.5836612077243138,
  "P_high": 0.5957877621225784
}