{
  "month": 25,
  "R_prev": {
    "hub2": 24.0,
    "hub3": 24.0
  },
  "R_curr": {
    "hub2": 25.0,
    "hub3": 25.0
  },
  "candidates": 4,
  "P_low": 0.5009445121042472,
  "P_high": 0.502144869274137
}