{
  "month": 10,
  "R_prev": {
    "hub2": 9.0,
    "hub3": 9.0
  },
  "R_curr": {
    "hub2": 10.0,
    "hub3": 10.0
  },
  "candidates": 14,
  "P_low": 0.6340602795317207,
  "P_high": 0.6435575318025175
}