{
  "month": 13,
  "R_prev": {
    "hub2": 12.0,
    "hub3": 12.0
  },
  "R_curr": {
    "hub2": 13.0,
    "hub3": 13.0
  },
  "candidates": 3,
  "P_low": 0.7290853318865298,
  "P_high": 0.7290915692716117
}