{
  "month": 32,
  "R_prev": {
    "hub2": 31.0,
    "hub3": 31.0
  },
  "R_curr": {
    "hub2": 32.0,
    "hub3": 32.0
  },
  "candidates": 9,
  "P_low": 0.3793134017861637,
  "P_high": 0.45205839070853115
}