{
  "month": 16,
  "R_prev": {
    "hub2": 15.0,
    "hub3": 15.0
  },
  "R_curr": {
    "hub2": 16.0,
    "hub3": 16.0
  },
  "candidates": 13,
  "P_low": 0.6581043175908808,
  "P_high": 0.6657496821954716
}