{
  "month": 2,
  "R_prev": {
    "hub2": 1.0,
    "hub3": 1.0
  },
  "R_curr": {
    "hub2": 2.0,
    "hub3": 2.0
  },
  "candidates": 12,
  "P_low": 0.17575468540145128,
  "P_high": 0.6569793326059543
}