{
  "month": 18,
  "R_prev": {
    "hub2": 17.0,
    "hub3": 17.0
  },
  "R_curr": {
    "hub2": 18.0,
    "hub3": 18.0
  },
  "candidates": 10,
  "P_low": 0.6147338453423212,
  "P_high": 0.6253647763450058
}