{
  "month": 14,
  "R_prev": {
    "hub2": 13.0,
    "hub3": 13.0
  },
  "R_curr": {
    "hub2": 14.0,
    "hub3": 14.0
  },
  "candidates": 15,
  "P_low": 0.6986685970487868,
  "P_high": 0.7090070083467318
}