{
  "month": 9,
  "R_prev": {
    "hub2": 8.0,
    "hub3": 8.0
  },
  "R_curr": {
    "hub2": 9.0,
    "hub3": 9.0
  },
  "candidates": 23,
  "P_low": 0.5871232689341297,
  "P_high": 0.5965479004729545
}