{
  "month": 12,
  "R_prev": {
    "hub2": 11.0,
    "hub3": 11.0
  },
  "R_curr": {
    "hub2": 12.0,
    "hub3": 12.0
  },
  "candidates": 16,
  "P_low": 0.7142015019198776,
  "P_high": 0.7266883057485423
}