{
  "month": 26,
  "R_prev": {
    "hub2": 25.0,
    "hub3": 25.0
  },
  "R_curr": {
    "hub2": 26.0,
    "hub3": 26.0
  },
  "candidates": 4,
  "P_low": 0.47083961859580686,
  "P_high": 0.4719269562684511
}