{
  "month": 17,
  "R_prev": {
    "hub2": 16.0,
    "hub3": 16.0
  },
  "R_curr": {
    "hub2": 17.0,
    "hub3": 17.0
  },
  "candidates": 8,
  "P_low": 0.6386290370455082,
  "P_high": 0.6442013554038236
}