{
  "month": 33,
  "R_prev": {
    "hub2": 32.0,
    "hub3": 32.0
  },
  "R_curr": {
    "hub2": 33.0,
    "hub3": 33.0
  },
  "candidates": 4,
  "P_low": 0.3652829171290019,
  "P_high": 0.36960536745531997
}