{
  "month": 0,
  "R_prev": {
    "hub2": 0.0,
    "hub3": 0.0
  },
  "R_curr": {
    "hub2": 0.0,
    "hub3": 0.0
  },
  "candidates": 30,
  "P_low": 0.45653604219039934,
  "P_high": 0.6707006741399196
}