{
  "month": 8,
  "R_prev": {
    "hub2": 7.0,
    "hub3": 7.0
  },
  "R_curr": {
    "hub2": 8.0,
    "hub3": 8.0
  },
  "candidates": 16,
  "P_low": 0.5549821789299125,
  "P_high": 0.5877411892202633
}