{
  "month": 21,
  "R_prev": {
    "hub2": 20.0,
    "hub3": 20.0
  },
  "R_curr": {
    "hub2": 21.0,
    "hub3": 21.0
  },
  "candidates": 5,
  "P_low": 0.5699925509952611,
  "P_high": 0.5725984144509122
}