{
  "month": 16,
  "R_prev": {
    "hub2": 15.0,
    "hub3": 15.0
  },
  "R_curr": {
    "hub2": 16.0,
    "hub3": 16.0
  },
  "candidates": 14,
  "P_low": 0.6613429918358484,
  "P_high": 0.6695948920772328
}