{
  "month": 24,
  "R_prev": {
    "hub2": 23.0,
    "hub3": 23.0
  },
  "R_curr": {
    "hub2": 24.0,
    "hub3": 24.0
  },
  "candidates": 3,
  "P_low": 0.5172788910375089,
  "P_high": 0.518183799739294
}