{
  "month": 12,
  "R_prev": {
    "hub2": 11.0,
    "hub3": 11.0
  },
  "R_curr": {
    "hub2": 12.0,
    "hub3": 12.0
  },
  "candidates": 18,
  "P_low": 0.7190003970956438,
  "P_high": 0.7308889020516727
}