{
  "month": 17,
  "R_prev": {
    "hub2": 16.0,
    "hub3": 16.0
  },
  "R_curr": {
    "hub2": 17.0,
    "hub3": 17.0
  },
  "candidates": 3,
  "P_low": 0.6482596352853293,
  "P_high": 0.6526871120566762
}