{
  "month": 3,
  "R_prev": {
    "hub2": 2.0,
    "hub3": 2.0
  },
  "R_curr": {
    "hub2": 3.0,
    "hub3": 3.0
  },
  "candidates": 6,
  "P_low": 0.4099656941297012,
  "P_high": 0.6045843185029707
}