{
  "month": 36,
  "R_prev": {
    "hub2": 35.0,
    "hub3": 35.0
  },
  "R_curr": {
    "hub2": 36.0,
    "hub3": 36.0
  },
  "candidates": 5,
  "P_low": 0.3728809158778156,
  "P_high": 0.5117863516001904
}