{
  "month": 27,
  "R_prev": {
    "hub2": 26.0,
    "hub3": 26.0
  },
  "R_curr": {
    "hub2": 27.0,
    "hub3": 27.0
  },
  "candidates": 1,
  "P_low": 0.464183524898703,
  "P_high": 0.464183524898703
}