{
  "month": 7,
  "R_prev": {
    "hub2": 6.0,
    "hub3": 6.0
  },
  "R_curr": {
    "hub2": 7.0,
    "hub3": 7.0
  },
  "candidates": 14,
  "P_low": 0.44843724951048203,
  "P_high": 0.5693330186654095
}