{
  "month": 20,
  "R_prev": {
    "hub2": 19.0,
    "hub3": 19.0
  },
  "R_curr": {
    "hub2": 20.0,
    "hub3": 20.0
  },
  "candidates": 7,
  "P_low": 0.5778480696603152,
  "P_high": 0.587469606261362
}