{
  "month": 4,
  "R_prev": {
    "hub2": 3.0,
    "hub3": 3.0
  },
  "R_curr": {
    "hub2": 4.0,
    "hub3": 4.0
  },
  "candidates": 30,
  "P_low": 0.4007952183241385,
  "P_high": 0.6404449256910772
}