{
  "month": 13,
  "R_prev": {
    "hub2": 12.0,
    "hub3": 12.0
  },
  "R_curr": {
    "hub2": 13.0,
    "hub3": 13.0
  },
  "candidates": 12,
  "P_low": 0.7147314399114391,
  "P_high": 0.717940719601169
}