{
  "month": 11,
  "R_prev": {
    "hub2": 10.0,
    "hub3": 10.0
  },
  "R_curr": {
    "hub2": 11.0,
    "hub3": 11.0
  },
  "candidates": 13,
  "P_low": 0.6954970100492396,
  "P_high": 0.7085683656751676
}