{
  "month": 8,
  "R_prev": {
    "hub2": 7.0,
    "hub3": 7.0
  },
  "R_curr": {
    "hub2": 8.0,
    "hub3": 8.0
  },
  "candidates": 30,
  "P_low": 0.5477844169639108,
  "P_high": 0.5909285230757999
}