{
  "test_success_rate": 0.0,
  "test_avg_reward": -268.47430361036146,
  "test_avg_length": 201.0,
  "test_rewards": [
    -278.7735935646311,
    -299.05312445387693,
    -302.0331562270392,
    -328.52217866207,
    -270.14434451883983,
    -266.89892319366805,
    -219.1299266132135,
    -238.88061445560822,
    -320.5971997226662,
    -249.62367300696758,
    -298.2727562769177,
    -249.97951731648396,
    -220.70269229704817,
    -305.4404383079481,
    -243.1166654324357,
    -243.0774044854203,
    -342.03243954596417,
    -297.858011007881,
    -342.2384535584259,
    -284.63343194623656,
    -265.5832725977159,
    -288.9344857505241,
    -303.47761612319925,
    -235.43728282306805,
    -273.65469761072563,
    -287.64342539609663,
    -333.9307825850618,
    -205.46963002878948,
    -240.01292757692312,
    -275.50614432799426,
    -291.35569539005587,
    -259.49094320529207,
    -279.063164563726,
    -211.7753344068053,
    -253.7013625936613,
    -172.6310196552488,
    -250.03291556578503,
    -256.9757459155973,
    -337.22934994560984,
    -254.60968149595854,
    -237.64339170019056,
    -289.07231734164134,
    -237.0199470673217,
    -270.6679486131835,
    -278.37798932606154,
    -245.16386317024282,
    -250.54705692738958,
    -258.09714513304743,
    -234.9439701069675,
    -359.21574609206675,
    -234.66441517652027,
    -250.19827297102765,
    -247.6914317616561,
    -329.170760062817,
    -267.21005255012335,
    -244.90356878525313,
    -263.2114880154854,
    -327.0483054301455,
    -247.76018831730443,
    -235.78476769243844,
    -334.80505410576166,
    -265.8926411026873,
    -265.6563964453664,
    -232.16516604044998,
    -240.47839432867,
    -294.0159829705579,
    -250.42249269992422,
    -236.23790633195037,
    -280.9181094566702,
    -276.6383521617146,
    -246.70734999991808,
    -289.93058943422875,
    -273.65179068986936,
    -245.43043770495146,
    -302.24978817980224,
    -269.22000642353026,
    -321.93016350367964,
    -241.76430921936839,
    -258.7530399805621,
    -290.67206161616235,
    -243.5759511213895,
    -262.3541480351887,
    -279.82663418683205,
    -237.95924195685248,
    -313.41711712302197,
    -326.10476926585716,
    -262.5369819596343,
    -330.0631735390425,
    -212.9320666666541,
    -219.1823145956811,
    -226.06404851915292,
    -253.06844616983952,
    -253.6946852006586,
    -294.58733918866966,
    -286.63430167754825,
    -237.64856132806185,
    -229.47835369712413,
    -250.0955128068526,
    -284.5909946939056,
    -240.15903851629432
  ],
  "test_lengths": [
    201,
    201,
    201,
    201,
    201,
    201,
    201,
    201,
    201,
    201,
    201,
    201,
    201,
    201,
    201,
    201,
    201,
    201,
    201,
    201,
    201,
    201,
    201,
    201,
    201,
    201,
    201,
    201,
    201,
    201,
    201,
    201,
    201,
    201,
    201,
    201,
    201,
    201,
    201,
    201,
    201,
    201,
    201,
    201,
    201,
    201,
    201,
    201,
    201,
    201,
    201,
    201,
    201,
    201,
    201,
    201,
    201,
    201,
    201,
    201,
    201,
    201,
    201,
    201,
    201,
    201,
    201,
    201,
    201,
    201,
    201,
    201,
    201,
    201,
    201,
    201,
    201,
    201,
    201,
    201,
    201,
    201,
    201,
    201,
    201,
    201,
    201,
    201,
    201,
    201,
    201,
    201,
    201,
    201,
    201,
    201,
    201,
    201,
    201,
    201
  ],
  "num_tests": 100
}