{
  "episode": 100,
  "episode_rewards": [
    -4.899996280670166,
    -4.499996662139893,
    -4.499996662139893,
    -4.499996662139893,
    -4.699996471405029,
    -4.599996566772461,
    -0.3999992907047272,
    -0.19999930262565613,
    -0.5000000596046448,
    -4.799996376037598,
    -4.599996566772461,
    -4.699996471405029,
    3.399998188018799,
    -0.3999997079372406,
    -4.599996566772461,
    -4.499997138977051,
    0.10000072419643402,
    -0.29999983310699463,
    -4.499996662139893,
    -4.699996471405029,
    2.6999988555908203,
    2.599998950958252,
    2.299999237060547,
    2.7999987602233887,
    2.599998950958252,
    2.9999985694885254,
    3.0999984741210938,
    3.0999984741210938,
    2.299999237060547,
    3.199998378753662,
    2.899998664855957,
    2.6999988555908203,
    2.6999988555908203,
    2.7999987602233887,
    2.7999987602233887,
    2.299999237060547,
    2.7999987602233887,
    2.899998664855957,
    2.7999987602233887,
    2.6999988555908203,
    3.999997615814209,
    3.8999977111816406,
    3.999997615814209,
    3.999997615814209,
    3.7999978065490723,
    3.7999978065490723,
    3.8999977111816406,
    3.8999977111816406,
    3.8999977111816406,
    3.8999977111816406,
    3.8999977111816406,
    3.8999977111816406,
    3.999997615814209,
    3.699997901916504,
    3.7999978065490723,
    3.699997901916504,
    3.8999977111816406,
    3.699997901916504,
    3.8999977111816406,
    3.5999979972839355,
    3.2999982833862305,
    3.499998092651367,
    3.399998188018799,
    3.399998188018799,
    3.499998092651367,
    3.399998188018799,
    3.499998092651367,
    3.2999982833862305,
    3.2999982833862305,
    3.0999984741210938,
    3.399998188018799,
    3.199998378753662,
    3.399998188018799,
    3.2999982833862305,
    3.2999982833862305,
    3.2999982833862305,
    3.399998188018799,
    3.199998378753662,
    3.499998092651367,
    3.499998092651367,
    3.499998092651367,
    3.399998188018799,
    3.2999982833862305,
    3.5999979972839355,
    3.499998092651367,
    3.5999979972839355,
    3.5999979972839355,
    3.499998092651367,
    3.2999982833862305,
    3.499998092651367,
    3.2999982833862305,
    3.399998188018799,
    3.5999979972839355,
    3.499998092651367,
    3.399998188018799,
    3.499998092651367,
    3.499998092651367,
    3.5999979972839355,
    3.399998188018799,
    3.399998188018799
  ],
  "success_rates": [
    0.0,
    0.0,
    0.0,
    0.0,
    0.0,
    0.0,
    0.0,
    0.0,
    0.0,
    0.0,
    0.0,
    0.0,
    0.0,
    0.0,
    0.0,
    0.0,
    0.0,
    0.0,
    0.0,
    0.0,
    0.0,
    0.0,
    0.0,
    0.0,
    0.0,
    0.0,
    0.0,
    0.0,
    0.0,
    0.0,
    0.0,
    0.0,
    0.0,
    0.0,
    0.0,
    0.0,
    0.0,
    0.0,
    0.0,
    0.0,
    0.0,
    0.0,
    0.0,
    0.0,
    0.0,
    0.0,
    0.0,
    0.0,
    0.0,
    0.0,
    0.0,
    0.0,
    0.0,
    0.0,
    0.0,
    0.0,
    0.0,
    0.0,
    0.0,
    0.0,
    0.0,
    0.0,
    0.0,
    0.0,
    0.0,
    0.0,
    0.0,
    0.0,
    0.0,
    0.0,
    0.0,
    0.0,
    0.0,
    0.0,
    0.0,
    0.0,
    0.0,
    0.0,
    0.0,
    0.0,
    0.0,
    0.0,
    0.0,
    0.0,
    0.0,
    0.0,
    0.0,
    0.0,
    0.0,
    0.0,
    0.0,
    0.0,
    0.0,
    0.0,
    0.0,
    0.0,
    0.0,
    0.0,
    0.0,
    0.0
  ],
  "episode_lengths": [
    400,
    400,
    400,
    400,
    400,
    400,
    400,
    400,
    400,
    400,
    400,
    400,
    400,
    400,
    400,
    400,
    400,
    400,
    400,
    400,
    400,
    400,
    400,
    400,
    400,
    400,
    400,
    400,
    400,
    400,
    400,
    400,
    400,
    400,
    400,
    400,
    400,
    400,
    400,
    400,
    400,
    400,
    400,
    400,
    400,
    400,
    400,
    400,
    400,
    400,
    400,
    400,
    400,
    400,
    400,
    400,
    400,
    400,
    400,
    400,
    400,
    400,
    400,
    400,
    400,
    400,
    400,
    400,
    400,
    400,
    400,
    400,
    400,
    400,
    400,
    400,
    400,
    400,
    400,
    400,
    400,
    400,
    400,
    400,
    400,
    400,
    400,
    400,
    400,
    400,
    400,
    400,
    400,
    400,
    400,
    400,
    400,
    400,
    400,
    400
  ],
  "avg_heights": [
    137.87009382366836,
    156.7717616587803,
    151.917106381081,
    156.3853010905354,
    148.1719839043748,
    149.9193893014047,
    193.28443703211454,
    194.7017795629335,
    187.14235784288059,
    141.06278592154868,
    148.94109452930175,
    142.65605840897024,
    327.2525963533549,
    194.64108504678245,
    150.92402671756886,
    160.44222683799535,
    200.40573146753476,
    203.81982901328223,
    157.47496881270945,
    144.9875390107495,
    304.5364581938099,
    303.1636660568732,
    302.20648069690884,
    307.44581746698316,
    301.6388437932269,
    311.62898886055126,
    308.911104939525,
    330.3565751834403,
    305.24067821169734,
    314.5025563989197,
    310.0908330598674,
    304.38333818621174,
    309.04594242543055,
    308.57463380047807,
    314.044889626063,
    291.9702307494204,
    319.61721562031204,
    322.6326127087981,
    323.9383272851197,
    307.06990070295456,
    422.1494597627635,
    432.6580233300416,
    425.937640373249,
    421.25862540152303,
    434.84529212704325,
    413.270845294296,
    432.940679650057,
    423.00052926308496,
    424.37176928436963,
    421.21850627794527,
    428.76616621136367,
    436.0250657764159,
    425.4601998650225,
    420.53386777654254,
    402.8335284378166,
    410.9235530482266,
    432.36897201728345,
    413.3053256674598,
    422.6952720508908,
    407.53471184252504,
    349.5931806683243,
    353.9901119622209,
    354.5848690042472,
    357.90779372522064,
    355.04190775046027,
    350.21242068473833,
    357.4410620330278,
    352.55305378217054,
    351.68995027232944,
    351.781167085034,
    351.9068453210845,
    367.37183595119865,
    359.40298606511067,
    354.28926877904115,
    357.28803197998656,
    359.50167313953887,
    357.0645101647127,
    354.8663185100603,
    353.60746631955266,
    359.34079101258084,
    364.06441575809015,
    360.08391257117216,
    364.48308919017154,
    362.07333275088644,
    364.38165169047596,
    362.8067878856326,
    362.7016429948688,
    364.955650538875,
    367.6699467989572,
    359.16871038042103,
    365.8778307907599,
    359.502422989158,
    366.92421792808017,
    365.22558483399655,
    365.09968384245684,
    366.4907001676108,
    362.4587147015883,
    365.2555083467479,
    364.7432997173205,
    366.44761045080173
  ],