{
  "test_success_rate": 0.0,
  "test_avg_reward": 3.552000000000035,
  "test_avg_length": 401.0,
  "test_rewards": [
    3.5000000000000346,
    3.500000000000034,
    3.3000000000000345,
    3.7000000000000313,
    3.600000000000033,
    3.600000000000035,
    3.6000000000000387,
    3.6000000000000396,
    3.500000000000034,
    3.1000000000000334,
    3.700000000000034,
    3.6000000000000334,
    3.7000000000000393,
    3.8000000000000345,
    3.6000000000000343,
    3.5000000000000338,
    3.80000000000004,
    3.6000000000000405,
    3.6000000000000347,
    3.600000000000037,
    3.700000000000035,
    3.7000000000000326,
    3.6000000000000343,
    3.600000000000031,
    3.7000000000000433,
    3.800000000000039,
    3.6000000000000396,
    3.6000000000000405,
    3.5000000000000324,
    3.5000000000000306,
    3.500000000000034,
    3.6000000000000325,
    3.500000000000035,
    3.7000000000000335,
    3.0000000000000364,
    3.500000000000036,
    3.6000000000000387,
    3.7000000000000353,
    3.7000000000000433,
    3.700000000000038,
    3.100000000000033,
    3.6000000000000316,
    3.600000000000036,
    3.5000000000000324,
    3.300000000000033,
    3.6000000000000343,
    3.3000000000000385,
    3.2000000000000366,
    3.500000000000036,
    3.600000000000036
  ],
  "test_lengths": [
    401,
    401,
    401,
    401,
    401,
    401,
    401,
    401,
    401,
    401,
    401,
    401,
    401,
    401,
    401,
    401,
    401,
    401,
    401,
    401,
    401,
    401,
    401,
    401,
    401,
    401,
    401,
    401,
    401,
    401,
    401,
    401,
    401,
    401,
    401,
    401,
    401,
    401,
    401,
    401,
    401,
    401,
    401,
    401,
    401,
    401,
    401,
    401,
    401,
    401
  ],
  "num_tests": 50
}