{
  "episode": 100,
  "episode_rewards": [
    -13.240809440612793,
    -12.952437400817871,
    -10.67747974395752,
    -11.546555519104004,
    -9.305559158325195,
    -10.624045372009277,
    -10.027986526489258,
    -10.709298133850098,
    -11.512529373168945,
    -11.402267456054688,
    -11.295104026794434,
    -12.301222801208496,
    -12.515948295593262,
    -13.99509048461914,
    -11.088162422180176,
    -8.986908912658691,
    -9.313044548034668,
    -10.362635612487793,
    -10.79898738861084,
    -13.23024845123291,
    -14.252765655517578,
    -13.829565048217773,
    -14.07661247253418,
    -14.159934997558594,
    -14.350024223327637,
    -14.346916198730469,
    -13.748268127441406,
    -13.915882110595703,
    -13.710049629211426,
    -13.961709976196289,
    -14.089166641235352,
    -13.75995922088623,
    -13.767062187194824,
    -13.824024200439453,
    -14.25403118133545,
    -13.967992782592773,
    -14.11688232421875,
    -13.971548080444336,
    -14.14100170135498,
    -14.173714637756348,
    -7.357924461364746,
    -7.980167865753174,
    -7.490396022796631,
    -8.531892776489258,
    -8.458531379699707,
    -9.227030754089355,
    -7.158014297485352,
    -6.695388317108154,
    -13.371432304382324,
    -8.006634712219238,
    -7.241006851196289,
    -9.196311950683594,
    -6.6400651931762695,
    -13.334866523742676,
    -7.361573696136475,
    -7.217000961303711,
    -13.898470878601074,
    -7.712975025177002,
    -7.504087924957275,
    -7.067511081695557,
    -9.665331840515137,
    -9.698075294494629,
    -9.665331840515137,
    -9.665331840515137,
    -9.666955947875977,
    -9.663687705993652,
    -9.659815788269043,
    -9.663493156433105,
    -9.674592971801758,
    -9.665331840515137,
    -9.693347930908203,
    -9.663493156433105,
    -9.665331840515137,
    -9.607601165771484,
    -9.624785423278809,
    -9.669612884521484,
    -9.673746109008789,
    -9.66968059539795,
    -9.662124633789062,
    -9.64802074432373,
    -9.979074478149414,
    -9.656758308410645,
    -9.671860694885254,
    -10.009023666381836,
    -9.961814880371094,
    -9.987753868103027,
    -9.741069793701172,
    -9.766741752624512,
    -9.652074813842773,
    -9.585487365722656,
    -9.626971244812012,
    -10.005108833312988,
    -10.07818603515625,
    -9.998174667358398,
    -9.627334594726562,
    -10.021642684936523,
    -9.962374687194824,
    -9.619043350219727,
    -9.647336959838867,
    -9.814207077026367
  ],
  "success_rates": [
    0.0,
    0.0,
    0.0,
    0.0,
    0.0,
    0.0,
    0.0,
    0.0,
    0.0,
    0.0,
    0.0,
    0.0,
    0.0,
    0.0,
    0.0,
    0.0,
    0.0,
    0.0,
    0.0,
    0.0,
    0.0,
    0.0,
    0.0,
    0.0,
    0.0,
    0.0,
    0.0,
    0.0,
    0.0,
    0.0,
    0.0,
    0.0,
    0.0,
    0.0,
    0.0,
    0.0,
    0.0,
    0.0,
    0.0,
    0.0,
    0.0,
    0.0,
    0.0,
    0.0,
    0.0,
    0.0,
    0.0,
    0.0,
    0.0,
    0.0,
    0.0,
    0.0,
    0.0,
    0.0,
    0.0,
    0.0,
    0.0,
    0.0,
    0.0,
    0.0,
    0.0,
    0.0,
    0.0,
    0.0,
    0.0,
    0.0,
    0.0,
    0.0,
    0.0,
    0.0,
    0.0,
    0.0,
    0.0,
    0.0,
    0.0,
    0.0,
    0.0,
    0.0,
    0.0,
    0.0,
    0.0,
    0.0,
    0.0,
    0.0,
    0.0,
    0.0,
    0.0,
    0.0,
    0.0,
    0.0,
    0.0,
    0.0,
    0.0,
    0.0,
    0.0,
    0.0,
    0.0,
    0.0,
    0.0,
    0.0
  ],
  "episode_lengths": [
    300,
    300,
    300,
    300,
    300,
    300,
    300,
    300,
    300,
    300,
    300,
    300,
    300,
    300,
    300,
    300,
    300,
    300,
    300,
    300,
    300,
    300,
    300,
    300,
    300,
    300,
    300,
    300,
    300,
    300,
    300,
    300,
    300,
    300,
    300,
    300,
    300,
    300,
    300,
    300,
    300,
    300,
    300,
    300,
    300,
    300,
    300,
    300,
    300,
    300,
    300,
    300,
    300,
    300,
    300,
    300,
    300,
    300,
    300,
    300,
    300,
    300,
    300,
    300,
    300,
    300,
    300,
    300,
    300,
    300,
    300,
    300,
    300,
    300,
    300,
    300,
    300,
    300,
    300,
    300,
    300,
    300,
    300,
    300,
    300,
    300,
    300,
    300,
    300,
    300,
    300,
    300,
    300,
    300,
    300,
    300,
    300,
    300,
    300,
    300
  ],
  "avg_heights": [
    297.53474705084614,
    300.7120938728814,
    301.8940338945864,
    301.6709529331752,
    298.2455113813331,
    300.56875681322674,
    301.7678748349415,
    303.1482747733791,
    303.6414331581901,
    300.20741008365667,
    301.1973765427092,
    297.5297392784955,
    312.91723085321064,
    297.7997960188856,
    297.9523723513581,
    302.3534170258481,
    293.78560539575113,
    302.32074831332085,
    299.02850676374976,
    301.92247987664814,
    489.807410712258,
    491.2716678353243,
    488.8208500047855,
    483.9795754771692,
    486.3177499866169,
    488.3554100974454,
    491.79942281222424,
    488.40067202545873,
    491.07399341671965,
    486.10199233146994,
    487.51194763183594,
    489.09485709865226,
    493.9645022268707,
    493.92052953979896,
    486.04694733984053,
    488.13634255241317,
    490.4950457601452,
    491.8555197985069,
    491.9250540495711,
    488.64996819480314,
    525.4550899619676,
    523.7028040331463,
    519.7115591815935,
    527.0665182576226,
    483.80103492103143,
    435.40560743262205,
    523.3817972328972,
    524.0701860953803,
    541.1972067189771,
    526.7186415409329,
    523.1859886955185,
    471.51792646642537,
    520.5009956486598,
    537.8562585570884,
    522.9952879237178,
    524.7684387257725,
    541.2589573654226,
    514.1805127672975,
    527.0464416960149,
    527.4483591124069,
    336.0213096086369,
    335.9822919218247,
    336.0213096086369,
    336.0213096086369,
    336.03509412493025,
    336.17179449848163,
    336.06185895343157,
    336.0348260569018,
    336.80004867604407,
    336.0213096086369,
    340.4287379572162,
    336.0348260569018,
    336.0213096086369,
    340.64813011904494,
    339.67733181671446,
    336.40619613799544,
    339.82746248467026,
    336.9696582781516,
    340.1048978634451,
    344.4505885685005,
    323.3772468186692,
    317.9483562482156,
    319.0700871413728,
    315.8559995378767,
    327.5984474765106,
    323.3777758829617,
    314.4968050579692,
    314.3774739515742,
    319.2097776039098,
    322.3784371056034,
    322.89776682299237,
    323.0057791522967,
    319.8987336269645,
    323.1292959574449,
    322.4524673005671,
    323.1616054801054,
    308.8175468064622,
    317.95907825964235,
    325.52046938671225,
    308.41348489653626
  ],