{
  "episode": 200,
  "episode_rewards": [
    -35.36471176147461,
    -30.695165634155273,
    -38.288719177246094,
    -36.29307556152344,
    -25.322025299072266,
    -33.91539764404297,
    -38.80484390258789,
    -15.035113334655762,
    -37.250343322753906,
    -13.555148124694824,
    -16.631649017333984,
    -21.4800968170166,
    -27.479658126831055,
    -25.82978057861328,
    -30.48708724975586,
    -29.59588050842285,
    -25.825407028198242,
    -37.664207458496094,
    -36.99831771850586,
    -34.50523376464844,
    -100.20829010009766,
    -100.26869201660156,
    -99.90570831298828,
    -98.35973358154297,
    -100.49393463134766,
    -100.68325805664062,
    -99.6824722290039,
    -99.097900390625,
    -100.80833435058594,
    -98.2889633178711,
    -101.19277954101562,
    -99.17491149902344,
    -99.49665069580078,
    -100.55143737792969,
    -100.82437133789062,
    -100.56924438476562,
    -99.79634857177734,
    -101.36956787109375,
    -101.97473907470703,
    -99.87425231933594,
    -99.25068664550781,
    -98.5468521118164,
    -98.2889633178711,
    -98.74564361572266,
    -98.35973358154297,
    -98.31255340576172,
    -99.49994659423828,
    -99.10414123535156,
    -98.31255340576172,
    -98.99665069580078,
    -99.0163803100586,
    -98.31255340576172,
    -98.31255340576172,
    -98.2889633178711,
    -100.17607116699219,
    -98.26537322998047,
    -98.26537322998047,
    -98.31255340576172,
    -98.35973358154297,
    -98.57044982910156,
    -96.61495971679688,
    -91.3779296875,
    -88.74567413330078,
    -93.20182037353516,
    -91.5008544921875,
    -92.66226959228516,
    -90.8646240234375,
    -89.39324951171875,
    -88.6466293334961,
    -93.68888092041016,
    -90.11002349853516,
    -89.44034576416016,
    -87.38227081298828,
    -91.91372680664062,
    -98.08560180664062,
    -93.13646697998047,
    -93.19287872314453,
    -96.84089660644531,
    -96.82577514648438,
    -92.29131317138672,
    -56.67168426513672,
    -57.16045379638672,
    -57.05570983886719,
    -56.78874969482422,
    -56.231529235839844,
    -57.06555938720703,
    -57.40252685546875,
    -57.134063720703125,
    -57.20318603515625,
    -56.68565368652344,
    -57.08927917480469,
    -56.709808349609375,
    -57.004974365234375,
    -56.93617248535156,
    -57.672584533691406,
    -56.517547607421875,
    -56.408721923828125,
    -56.837432861328125,
    -56.806785583496094,
    -57.34088897705078,
    -57.92040252685547,
    -55.903953552246094,
    -56.449951171875,
    -55.95252227783203,
    -55.59929656982422,
    -55.84346008300781,
    -55.47339630126953,
    -56.04747009277344,
    -56.3121337890625,
    -55.50932312011719,
    -55.391578674316406,
    -55.23634338378906,
    -55.55995178222656,
    -55.483253479003906,
    -57.277793884277344,
    -56.006385803222656,
    -55.369895935058594,
    -55.900787353515625,
    -54.87504577636719,
    -55.61268615722656,
    -57.972923278808594,
    -57.91590118408203,
    -56.81395721435547,
    -58.08734893798828,
    -58.041419982910156,
    -58.04669189453125,
    -57.24646759033203,
    -58.169044494628906,
    -57.313209533691406,
    -57.705421447753906,
    -58.001502990722656,
    -57.537841796875,
    -57.81571960449219,
    -57.434722900390625,
    -57.65266418457031,
    -56.25707244873047,
    -57.25511169433594,
    -57.58110046386719,
    -56.29298400878906,
    -57.582130432128906,
    -60.97570037841797,
    -56.459693908691406,
    -57.79169464111328,
    -55.08600616455078,
    -60.77198791503906,
    -55.93812561035156,
    -55.511878967285156,
    -58.394187927246094,
    -57.6954345703125,
    -56.38170623779297,
    -58.21678161621094,
    -57.045799255371094,
    -55.487823486328125,
    -56.65614318847656,
    -56.934844970703125,
    -57.800384521484375,
    -55.761817932128906,
    -55.28468322753906,
    -56.21863555908203,
    -56.93146514892578,
    -57.63301086425781,
    -55.47760772705078,
    -55.46827697753906,
    -56.73615264892578,
    -55.965858459472656,
    -56.514732360839844,
    -56.51463317871094,
    -57.56536102294922,
    -55.451087951660156,
    -57.58734893798828,
    -57.811134338378906,
    -57.00714874267578,
    -55.533119201660156,
    -57.08940887451172,
    -57.004058837890625,
    -57.057044982910156,
    -57.03074645996094,
    -57.42738342285156,
    -56.50584411621094,
    -56.34180450439453,
    -56.71931457519531,
    -55.815155029296875,
    -55.36121368408203,
    -56.254791259765625,
    -56.18775177001953,
    -55.604949951171875,
    -56.84410095214844,
    -56.77134704589844,
    -56.98353576660156,
    -55.568946838378906,
    -55.405540466308594,
    -56.210601806640625,
    -55.14497375488281,
    -57.403228759765625,
    -56.27610778808594,
    -57.160804748535156,
    -56.91233825683594,
    -56.18141174316406,
    -55.92615509033203,
    -57.017906188964844
  ],
  "success_rates": [
    0.0,
    0.0,
    0.0,
    0.0,
    0.0,
    0.0,
    0.0,
    0.0,
    0.0,
    0.0,
    0.0,
    0.0,
    0.0,
    0.0,
    0.0,
    0.0,
    0.0,
    0.0,
    0.0,
    0.0,
    0.0,
    0.0,
    0.0,
    0.0,
    0.0,
    0.0,
    0.0,
    0.0,
    0.0,
    0.0,
    0.0,
    0.0,
    0.0,
    0.0,
    0.0,
    0.0,
    0.0,
    0.0,
    0.0,
    0.0,
    0.0,
    0.0,
    0.0,
    0.0,
    0.0,
    0.0,
    0.0,
    0.0,
    0.0,
    0.0,
    0.0,
    0.0,
    0.0,
    0.0,
    0.0,
    0.0,
    0.0,
    0.0,
    0.0,
    0.0,
    0.0,
    0.0,
    0.0,
    0.0,
    0.0,
    0.0,
    0.0,
    0.0,
    0.0,
    0.0,
    0.0,
    0.0,
    0.0,
    0.0,
    0.0,
    0.0,
    0.0,
    0.0,
    0.0,
    0.0,
    0.0,
    0.0,
    0.0,
    0.0,
    0.0,
    0.0,
    0.0,
    0.0,
    0.0,
    0.0,
    0.0,
    0.0,
    0.0,
    0.0,
    0.0,
    0.0,
    0.0,
    0.0,
    0.0,
    0.0,
    0.0,
    0.0,
    0.0,
    0.0,
    0.0,
    0.0,
    0.0,
    0.0,
    0.0,
    0.0,
    0.0,
    0.0,
    0.0,
    0.0,
    0.0,
    0.0,
    0.0,
    0.0,
    0.0,
    0.0,
    0.0,
    0.0,
    0.0,
    0.0,
    0.0,
    0.0,
    0.0,
    0.0,
    0.0,
    0.0,
    0.0,
    0.0,
    0.0,
    0.0,
    0.0,
    0.0,
    0.0,
    0.0,
    0.0,
    0.0,
    0.0,
    0.0,
    0.0,
    0.0,
    0.0,
    0.0,
    0.0,
    0.0,
    0.0,
    0.0,
    0.0,
    0.0,
    0.0,
    0.0,
    0.0,
    0.0,
    0.0,
    0.0,
    0.0,
    0.0,
    0.0,
    0.0,
    0.0,
    0.0,
    0.0,
    0.0,
    0.0,
    0.0,
    0.0,
    0.0,
    0.0,
    0.0,
    0.0,
    0.0,
    0.0,
    0.0,
    0.0,
    0.0,
    0.0,
    0.0,
    0.0,
    0.0,
    0.0,
    0.0,
    0.0,
    0.0,
    0.0,
    0.0,
    0.0,
    0.0,
    0.0,
    0.0,
    0.0,
    0.0,
    0.0,
    0.0,
    0.0,
    0.0,
    0.0,
    0.0
  ],