{
  "episode": 100,
  "episode_rewards": [
    -35.36471176147461,
    -30.695165634155273,
    -38.288719177246094,
    -36.29307556152344,
    -25.322025299072266,
    -33.91539764404297,
    -38.80484390258789,
    -15.035113334655762,
    -37.250343322753906,
    -13.555148124694824,
    -16.631649017333984,
    -21.4800968170166,
    -27.479658126831055,
    -25.82978057861328,
    -30.48708724975586,
    -29.59588050842285,
    -25.825407028198242,
    -37.664207458496094,
    -36.99831771850586,
    -34.50523376464844,
    -100.20829010009766,
    -100.26869201660156,
    -99.90570831298828,
    -98.35973358154297,
    -100.49393463134766,
    -100.68325805664062,
    -99.6824722290039,
    -99.097900390625,
    -100.80833435058594,
    -98.2889633178711,
    -101.19277954101562,
    -99.17491149902344,
    -99.49665069580078,
    -100.55143737792969,
    -100.82437133789062,
    -100.56924438476562,
    -99.79634857177734,
    -101.36956787109375,
    -101.97473907470703,
    -99.87425231933594,
    -99.25068664550781,
    -98.5468521118164,
    -98.2889633178711,
    -98.74564361572266,
    -98.35973358154297,
    -98.31255340576172,
    -99.49994659423828,
    -99.10414123535156,
    -98.31255340576172,
    -98.99665069580078,
    -99.0163803100586,
    -98.31255340576172,
    -98.31255340576172,
    -98.2889633178711,
    -100.17607116699219,
    -98.26537322998047,
    -98.26537322998047,
    -98.31255340576172,
    -98.35973358154297,
    -98.57044982910156,
    -96.61495971679688,
    -91.3779296875,
    -88.74567413330078,
    -93.20182037353516,
    -91.5008544921875,
    -92.66226959228516,
    -90.8646240234375,
    -89.39324951171875,
    -88.6466293334961,
    -93.68888092041016,
    -90.11002349853516,
    -89.44034576416016,
    -87.38227081298828,
    -91.91372680664062,
    -98.08560180664062,
    -93.13646697998047,
    -93.19287872314453,
    -96.84089660644531,
    -96.82577514648438,
    -92.29131317138672,
    -56.67168426513672,
    -57.16045379638672,
    -57.05570983886719,
    -56.78874969482422,
    -56.231529235839844,
    -57.06555938720703,
    -57.40252685546875,
    -57.134063720703125,
    -57.20318603515625,
    -56.68565368652344,
    -57.08927917480469,
    -56.709808349609375,
    -57.004974365234375,
    -56.93617248535156,
    -57.672584533691406,
    -56.517547607421875,
    -56.408721923828125,
    -56.837432861328125,
    -56.806785583496094,
    -57.34088897705078
  ],
  "success_rates": [
    0.0,
    0.0,
    0.0,
    0.0,
    0.0,
    0.0,
    0.0,
    0.0,
    0.0,
    0.0,
    0.0,
    0.0,
    0.0,
    0.0,
    0.0,
    0.0,
    0.0,
    0.0,
    0.0,
    0.0,
    0.0,
    0.0,
    0.0,
    0.0,
    0.0,
    0.0,
    0.0,
    0.0,
    0.0,
    0.0,
    0.0,
    0.0,
    0.0,
    0.0,
    0.0,
    0.0,
    0.0,
    0.0,
    0.0,
    0.0,
    0.0,
    0.0,
    0.0,
    0.0,
    0.0,
    0.0,
    0.0,
    0.0,
    0.0,
    0.0,
    0.0,
    0.0,
    0.0,
    0.0,
    0.0,
    0.0,
    0.0,
    0.0,
    0.0,
    0.0,
    0.0,
    0.0,
    0.0,
    0.0,
    0.0,
    0.0,
    0.0,
    0.0,
    0.0,
    0.0,
    0.0,
    0.0,
    0.0,
    0.0,
    0.0,
    0.0,
    0.0,
    0.0,
    0.0,
    0.0,
    0.0,
    0.0,
    0.0,
    0.0,
    0.0,
    0.0,
    0.0,
    0.0,
    0.0,
    0.0,
    0.0,
    0.0,
    0.0,
    0.0,
    0.0,
    0.0,
    0.0,
    0.0,
    0.0,
    0.0
  ],
  "episode_lengths": [
    300,
    300,
    300,
    300,
    300,
    300,
    300,
    300,
    300,
    300,
    300,
    300,
    300,
    300,
    300,
    300,
    300,
    300,
    300,
    300,
    300,
    300,
    300,
    300,
    300,
    300,
    300,
    300,
    300,
    300,
    300,
    300,
    300,
    300,
    300,
    300,
    300,
    300,
    300,
    300,
    300,
    300,
    300,
    300,
    300,
    300,
    300,
    300,
    300,
    300,
    300,
    300,
    300,
    300,
    300,
    300,
    300,
    300,
    300,
    300,
    300,
    300,
    300,
    300,
    300,
    300,
    300,
    300,
    300,
    300,
    300,
    300,
    300,
    300,
    300,
    300,
    300,
    300,
    300,
    300,
    300,
    300,
    300,
    300,
    300,
    300,
    300,
    300,
    300,
    300,
    300,
    300,
    300,
    300,
    300,
    300,
    300,
    300,
    300,
    300
  ],
  "avg_heights": [
    135.91087265268118,
    271.1675801831623,
    142.91380472278277,
    149.5379173811092,
    284.4876813920233,
    163.1518151166035,
    151.05926250064888,
    276.6978491089273,
    147.43786803590896,
    279.4656470922933,
    276.08992202099773,
    278.8828462619718,
    284.9888143444378,
    279.5777230500383,
    168.09225590601315,
    175.49363632455618,
    278.55135155357794,
    148.07566412738788,
    150.2094835046914,
    148.13541379402642,
    314.07604144023503,
    313.53844905612476,
    312.7662714961359,
    312.12458953350483,
    313.62192274328083,
    313.69929909943744,
    313.48889570774827,
    312.3969016344444,
    314.12260639786325,
    311.96337429312774,
    313.4825189533424,
    312.7430904046246,
    312.5234726307004,
    314.3905946345028,
    314.3768851448135,
    313.590984914786,
    313.2410569808808,
    313.3530779867077,
    315.1971173460697,
    313.4073701776143,
    312.37177684695223,
    312.05055165845295,
    311.96337429312774,
    312.09477061528304,
    312.12458953350483,
    312.0171127065868,
    312.5371438973766,
    312.58187516424744,
    312.0171127065868,
    313.2943002187532,
    312.33833789508606,
    312.0171127065868,
    312.0171127065868,
    311.96337429312774,
    312.57799791101604,
    311.90963587966866,
    311.90963587966866,
    312.0171127065868,
    312.12458953350483,
    312.104290071912,
    312.16531483596344,
    309.98605909379216,
    311.537884835785,
    311.8293614181569,
    308.55352093769466,
    310.148517038339,
    312.0844900441724,
    312.3038488749254,
    310.6632183493174,
    309.9051219648697,
    309.0077604883137,
    307.1864772555836,
    308.56766735596517,
    310.4772352047537,
    310.6961957861815,
    310.74779421784154,
    307.76288176374976,
    311.3350696246885,
    311.9188408835782,
    309.09905610448897,
    298.1649940972312,
    296.34027829597954,
    296.8518063364631,
    297.82851762232985,
    298.16576494489397,
    297.6707250652123,
    297.2198097507819,
    297.4061946425327,
    297.42039479607365,
    297.4605441172654,
    297.7544947019051,
    297.35721215536427,
    296.60580348018,
    297.10139262557425,
    297.0754192263581,
    295.9580200803636,
    297.60444271049624,
    297.94240359689707,
    297.23357865343064,
    297.5921517812532
  ],