{
  "test_success_rate": 0.0,
  "test_avg_reward": -1.8422429762930626,
  "test_avg_length": 301.0,
  "test_rewards": [
    -1.2282993699214975,
    -4.074448112019628,
    -0.6799606071322188,
    -1.652480557845031,
    -2.8235926235306263,
    -1.1625017852075454,
    -1.15085752789655,
    -1.796180429544494,
    -1.516483593899536,
    -4.438940730084608,
    -1.722888781768428,
    -0.3850517095827787,
    -1.5500134021588678,
    -3.3271429967717734,
    -1.9273833167069365,
    -1.3230221080828495,
    -1.2349370789025735,
    -3.023234213396888,
    -1.1099481267670286,
    -1.947218133445253,
    0.2639160842766554,
    -3.1787991758488516,
    -2.2952318736533046,
    0.08266746476402828,
    -2.2604802668764328,
    -0.6726777034569617,
    -1.1740009838375338,
    -2.212462181372504,
    -1.4677686220661017,
    -0.9637944480716769,
    -1.4829555785270738,
    -1.0724188088264932,
    -3.2370443981415837,
    -1.957400341459719,
    -2.618617609212615,
    -2.3690191082086374,
    -1.833108646764845,
    -1.768806980252037,
    -1.250281340765751,
    -2.042417554522129,
    -1.2280308003711682,
    -2.185228599279165,
    -0.4431177032183857,
    -2.998294857818034,
    -3.961222715276314,
    -1.5258384021589397,
    -0.8236641092393834,
    -1.8233557267076543,
    -2.2507754131331725,
    -3.2873332099622274
  ],
  "test_lengths": [
    301,
    301,
    301,
    301,
    301,
    301,
    301,
    301,
    301,
    301,
    301,
    301,
    301,
    301,
    301,
    301,
    301,
    301,
    301,
    301,
    301,
    301,
    301,
    301,
    301,
    301,
    301,
    301,
    301,
    301,
    301,
    301,
    301,
    301,
    301,
    301,
    301,
    301,
    301,
    301,
    301,
    301,
    301,
    301,
    301,
    301,
    301,
    301,
    301,
    301
  ],
  "num_tests": 50
}