{
  "test_success_rate": 0.0,
  "test_avg_reward": -12.981237932597027,
  "test_avg_length": 301.0,
  "test_rewards": [
    -13.021297002852771,
    -11.667782185080886,
    -12.042445146873492,
    -10.75749566769694,
    -13.195060862203828,
    -14.080229100015428,
    -12.504078884194112,
    -11.985572029017739,
    -13.1052224292209,
    -15.313775531089131,
    -14.198628124456917,
    -12.333432731558137,
    -13.367257399014695,
    -12.550619327829603,
    -11.673097124125864,
    -12.56402884619105,
    -13.361581863958671,
    -12.359276988725275,
    -14.100887522187273,
    -13.665040351373793,
    -12.256578043031354,
    -12.139420432238108,
    -11.175563730138556,
    -11.944392218766911,
    -13.23646782828642,
    -14.53803698340431,
    -12.82286921492115,
    -11.864311847044652,
    -12.144375845105813,
    -14.569144559391372,
    -14.846432023357606,
    -11.596204492553728,
    -13.23452856088827,
    -13.292387166373619,
    -14.202896791332067,
    -11.628414021204234,
    -14.023825450690405,
    -13.052963119276857,
    -13.225076476342808,
    -15.283469675968238,
    -12.571944541294403,
    -11.58995407969836,
    -12.921559738032434,
    -13.448394939948122,
    -13.31470188072075,
    -13.875783839177812,
    -13.528371928277425,
    -12.540130243690301,
    -13.534167342490887,
    -12.812720498537981
  ],
  "test_lengths": [
    301,
    301,
    301,
    301,
    301,
    301,
    301,
    301,
    301,
    301,
    301,
    301,
    301,
    301,
    301,
    301,
    301,
    301,
    301,
    301,
    301,
    301,
    301,
    301,
    301,
    301,
    301,
    301,
    301,
    301,
    301,
    301,
    301,
    301,
    301,
    301,
    301,
    301,
    301,
    301,
    301,
    301,
    301,
    301,
    301,
    301,
    301,
    301,
    301,
    301
  ],
  "num_tests": 50
}