{
  "episode": 200,
  "episode_rewards": [
    -13.240809440612793,
    -12.952437400817871,
    -10.67747974395752,
    -11.546555519104004,
    -9.305559158325195,
    -10.624045372009277,
    -10.027986526489258,
    -10.709298133850098,
    -11.512529373168945,
    -11.402267456054688,
    -11.295104026794434,
    -12.301222801208496,
    -12.515948295593262,
    -13.99509048461914,
    -11.088162422180176,
    -8.986908912658691,
    -9.313044548034668,
    -10.362635612487793,
    -10.79898738861084,
    -13.23024845123291,
    -14.252765655517578,
    -13.829565048217773,
    -14.07661247253418,
    -14.159934997558594,
    -14.350024223327637,
    -14.346916198730469,
    -13.748268127441406,
    -13.915882110595703,
    -13.710049629211426,
    -13.961709976196289,
    -14.089166641235352,
    -13.75995922088623,
    -13.767062187194824,
    -13.824024200439453,
    -14.25403118133545,
    -13.967992782592773,
    -14.11688232421875,
    -13.971548080444336,
    -14.14100170135498,
    -14.173714637756348,
    -7.357924461364746,
    -7.980167865753174,
    -7.490396022796631,
    -8.531892776489258,
    -8.458531379699707,
    -9.227030754089355,
    -7.158014297485352,
    -6.695388317108154,
    -13.371432304382324,
    -8.006634712219238,
    -7.241006851196289,
    -9.196311950683594,
    -6.6400651931762695,
    -13.334866523742676,
    -7.361573696136475,
    -7.217000961303711,
    -13.898470878601074,
    -7.712975025177002,
    -7.504087924957275,
    -7.067511081695557,
    -9.665331840515137,
    -9.698075294494629,
    -9.665331840515137,
    -9.665331840515137,
    -9.666955947875977,
    -9.663687705993652,
    -9.659815788269043,
    -9.663493156433105,
    -9.674592971801758,
    -9.665331840515137,
    -9.693347930908203,
    -9.663493156433105,
    -9.665331840515137,
    -9.607601165771484,
    -9.624785423278809,
    -9.669612884521484,
    -9.673746109008789,
    -9.66968059539795,
    -9.662124633789062,
    -9.64802074432373,
    -9.979074478149414,
    -9.656758308410645,
    -9.671860694885254,
    -10.009023666381836,
    -9.961814880371094,
    -9.987753868103027,
    -9.741069793701172,
    -9.766741752624512,
    -9.652074813842773,
    -9.585487365722656,
    -9.626971244812012,
    -10.005108833312988,
    -10.07818603515625,
    -9.998174667358398,
    -9.627334594726562,
    -10.021642684936523,
    -9.962374687194824,
    -9.619043350219727,
    -9.647336959838867,
    -9.814207077026367,
    -10.594103813171387,
    -10.718999862670898,
    -10.72291374206543,
    -10.810789108276367,
    -10.639679908752441,
    -10.571537971496582,
    -10.692021369934082,
    -10.46204948425293,
    -10.574799537658691,
    -10.665045738220215,
    -10.598957061767578,
    -10.450904846191406,
    -10.497706413269043,
    -10.3772554397583,
    -10.725397109985352,
    -10.565108299255371,
    -10.52569580078125,
    -10.415315628051758,
    -10.416692733764648,
    -10.502584457397461,
    -10.084842681884766,
    -9.961880683898926,
    -10.034838676452637,
    -10.073751449584961,
    -10.162277221679688,
    -10.154217720031738,
    -10.341317176818848,
    -10.055298805236816,
    -10.09619426727295,
    -10.02347183227539,
    -10.379016876220703,
    -10.065071105957031,
    -10.194539070129395,
    -10.026150703430176,
    -10.026248931884766,
    -10.086967468261719,
    -10.375236511230469,
    -10.155563354492188,
    -10.172162055969238,
    -10.064290046691895,
    -10.80461311340332,
    -10.915728569030762,
    -10.70840072631836,
    -10.62613582611084,
    -10.444395065307617,
    -10.596269607543945,
    -10.737037658691406,
    -10.902267456054688,
    -11.212386131286621,
    -11.154363632202148,
    -10.633753776550293,
    -10.84524154663086,
    -10.894611358642578,
    -10.899564743041992,
    -10.97868824005127,
    -10.751204490661621,
    -10.962845802307129,
    -10.554880142211914,
    -10.862120628356934,
    -10.737860679626465,
    -17.664644241333008,
    -13.87389850616455,
    -16.217580795288086,
    -13.909952163696289,
    -14.575119018554688,
    -13.828191757202148,
    -13.457610130310059,
    -13.152576446533203,
    -17.35357666015625,
    -16.65705680847168,
    -14.854020118713379,
    -16.81001091003418,
    -14.952093124389648,
    -16.55443000793457,
    -15.362024307250977,
    -13.284675598144531,
    -14.458276748657227,
    -13.484515190124512,
    -13.93252944946289,
    -13.575713157653809,
    -15.596799850463867,
    -16.48910903930664,
    -15.301780700683594,
    -14.688241004943848,
    -16.508670806884766,
    -16.331350326538086,
    -16.530412673950195,
    -16.525476455688477,
    -16.107101440429688,
    -16.185277938842773,
    -16.1768798828125,
    -13.971906661987305,
    -15.574153900146484,
    -15.959911346435547,
    -14.873592376708984,
    -14.865073204040527,
    -16.228132247924805,
    -15.946675300598145,
    -14.938783645629883,
    -16.204862594604492
  ],
  "success_rates": [
    0.0,
    0.0,
    0.0,
    0.0,
    0.0,
    0.0,
    0.0,
    0.0,
    0.0,
    0.0,
    0.0,
    0.0,
    0.0,
    0.0,
    0.0,
    0.0,
    0.0,
    0.0,
    0.0,
    0.0,
    0.0,
    0.0,
    0.0,
    0.0,
    0.0,
    0.0,
    0.0,
    0.0,
    0.0,
    0.0,
    0.0,
    0.0,
    0.0,
    0.0,
    0.0,
    0.0,
    0.0,
    0.0,
    0.0,
    0.0,
    0.0,
    0.0,
    0.0,
    0.0,
    0.0,
    0.0,
    0.0,
    0.0,
    0.0,
    0.0,
    0.0,
    0.0,
    0.0,
    0.0,
    0.0,
    0.0,
    0.0,
    0.0,
    0.0,
    0.0,
    0.0,
    0.0,
    0.0,
    0.0,
    0.0,
    0.0,
    0.0,
    0.0,
    0.0,
    0.0,
    0.0,
    0.0,
    0.0,
    0.0,
    0.0,
    0.0,
    0.0,
    0.0,
    0.0,
    0.0,
    0.0,
    0.0,
    0.0,
    0.0,
    0.0,
    0.0,
    0.0,
    0.0,
    0.0,
    0.0,
    0.0,
    0.0,
    0.0,
    0.0,
    0.0,
    0.0,
    0.0,
    0.0,
    0.0,
    0.0,
    0.0,
    0.0,
    0.0,
    0.0,
    0.0,
    0.0,
    0.0,
    0.0,
    0.0,
    0.0,
    0.0,
    0.0,
    0.0,
    0.0,
    0.0,
    0.0,
    0.0,
    0.0,
    0.0,
    0.0,
    0.0,
    0.0,
    0.0,
    0.0,
    0.0,
    0.0,
    0.0,
    0.0,
    0.0,
    0.0,
    0.0,
    0.0,
    0.0,
    0.0,
    0.0,
    0.0,
    0.0,
    0.0,
    0.0,
    0.0,
    0.0,
    0.0,
    0.0,
    0.0,
    0.0,
    0.0,
    0.0,
    0.0,
    0.0,
    0.0,
    0.0,
    0.0,
    0.0,
    0.0,
    0.0,
    0.0,
    0.0,
    0.0,
    0.0,
    0.0,
    0.0,
    0.0,
    0.0,
    0.0,
    0.0,
    0.0,
    0.0,
    0.0,
    0.0,
    0.0,
    0.0,
    0.0,
    0.0,
    0.0,
    0.0,
    0.0,
    0.0,
    0.0,
    0.0,
    0.0,
    0.0,
    0.0,
    0.0,
    0.0,
    0.0,
    0.0,
    0.0,
    0.0,
    0.0,
    0.0,
    0.0,
    0.0,
    0.0,
    0.0,
    0.0,
    0.0,
    0.0,
    0.0,
    0.0,
    0.0
  ],